platform,author,title,content,rating,version,vote_sum,vote_count,updated,review_id,country
appstore,xoffo@naver,대박 완전 좋음.,"저는 학교에서 디지털 수업하다 알게 되었는데, 왜 깔게 되었냐면 저는 유튜버기 때문입니다. 유튜버 초보자가 사용하기 너무 좋은 것 같아요.자막도 충분쓰. 저는 그래서 5점 드릴게요.이 앱은 돈도 안 줘도 되고 광고도 없고 빨리 편집하기가 넘 좋습니다.",5,0.9.8,0,0,2025-11-01T00:40:33-07:00,13341096395,kr
appstore,돌 걸려 넘어진 스님,회원가입이 안돼요,왜이렁게 어렵게 회원가입을 하라는건지모르겠네요ㅠㅠㅠ 똥밟았다고 생각할께요ㅠㅠㅠ,1,0.9.8,0,0,2025-10-06T02:39:14-07:00,13230607890,kr
appstore,ㅓ냥두,술래잡기 김피디랑 시율이랑술래잡기했습니다 술래잡기 상당히재미있네,술래잡기,5,0.9.8,0,0,2025-09-30T06:21:17-07:00,13204655855,kr
appstore,cherishi!!,모바일로도 기능 늘려주세요.,할수있는게 너무 없네요ㅠㅠ,3,0.9.7,0,0,2025-09-02T07:11:18-07:00,13090292607,kr
appstore,오제츠로로,구글 아이디로 로그인 할 수있게 해주세요,컴퓨터 브류 유료결제해서 사용중인데 모바일 연동 안되나요 ㅠㅠㅠ,5,0.9.7,0,0,2025-08-05T03:40:20-07:00,12978421538,kr
appstore,do sdthg,모바일 TTS 지원 안돼나요?,왜 안돼죠?,4,0.9.7,0,0,2025-06-22T10:37:37-07:00,12804922630,kr
appstore,지누노노ㅗ노,앱으로 할 수 있는게 뭐죠?,대체 앱으로 할수 있는게 뭐죠? ;;;;,1,0.9.7,0,0,2025-06-14T17:22:16-07:00,12775273779,kr
appstore,후이쭈,PC처럼 음성파일에 영상 불러오기가 안되나요?,PC에서 너무 잘쓰고 있어서 모바일로 받았는데요~ PC에서는 음성 불러와서 그 음성에 맞는 영상이나 사진 추가해서 만들수가 있었는데 모바일에서는 음성+,4,0.9.7,0,0,2025-04-14T06:08:42-07:00,12542239340,kr
appstore,올드스쿨78,대박,그냥 대박임 간단 명료하고 필요한 기능만 똭!!!,5,0.9.7,0,0,2025-01-14T00:09:17-07:00,12182432499,kr
appstore,스윙감,PC와 ios 기기간 프로젝트 공유,안녕하세요 서비스 너무 잘 쓰고 있는데요 PC에서 작업하던 프로젝트를 아이폰이나 아이패드로 이어서 작업할 수 있는 방법은 없나요?,4,0.9.7,0,0,2024-09-26T16:08:57-07:00,11768282579,kr
appstore,개베빡치니까,효과음하고 텍스트 추가만 넣을수있어도,"캡컷 버릴수있었는데…….하…진짜 뭘 써봐도 캡컷만한게 없는듯
Pc버전도 아니고 아이패드랑 폰뿐이라서 안타깝지만 다시 캡컷으로 돌아감. . . . 그래도 블로 웨일로 필모라 키마 보다 편하고 좋음 모바일버전도 효과음만 넣어줘도 좋을듯 텍스트추가는왜 안됨?",3,0.9.7,0,0,2024-08-07T15:15:00-07:00,11584120836,kr
appstore,잘못눌러서 결제됐어요...ㅜㅜ,최고의 앱,너무 감사 무한감사 드립니다 ..,5,0.9.5,0,0,2024-07-18T22:01:41-07:00,11509555002,kr
appstore,hermes99,60fps 영상출력이 안되네요,루마퓨전으로 60fps로 작업한 영상을 자막을 넣어서 vrew로 4K 60fps로 출력하면 4K 30fps로 인코딩이 되네요. 원본은 60fps인데 60fps로 설정해도 왜 30fps로 나오나요?,3,0.9.3,0,0,2024-05-27T09:22:17-07:00,11313386616,kr
appstore,Vrewer,서버에 오류가 있는지요?,"늘 잘 쓰고 있어 감사 드립니다.
다만 근래 서버에서 오류가 발생하였다면서 음성 업로드 및 분석이 되지 않는데 일시적 현상일지요? 사용을 못하고 있어 곤란한 상황이라 조속히 해결 되었으면 하는 바람입니다.",5,0.9.3,0,0,2024-03-02T07:23:45-07:00,11000221825,kr
appstore,이거재미지다,원고 수정하지 말고 그대로 불러 올 수 있게 해주세요!제발!!!!!!!!!,텍스트로 원고 최종 수정까지 완료한 후 불러오기 하면 그대로 불러오는 게 아니고 ai가 임의적으로 원고를 수정해서 오타가 종종 발생해요! 그럼 또 수정을 해야 해서 일을 두 번 해야 합니다!! 수정하지 말고 원고 그대로 불러올 수 있게 해주세요!!,5,0.9.3,0,0,2024-02-21T23:01:35-07:00,10966065188,kr
appstore,최골롬,감사합니다,너무유용하게 잘 쓰고있습니다.,5,0.9.3,0,0,2024-02-17T20:05:25-07:00,10951130630,kr
appstore,로블록스에 미췬옴,폅집,???!?,5,0.9.2,0,0,2024-01-29T17:35:24-07:00,10879288814,kr
appstore,신준식목사,모바일에서도,모바일 앱에서도 텍스트로 영상 만들기 부탁해요.,4,0.9.2,0,0,2024-01-27T15:45:30-07:00,10871607996,kr
appstore,실망..험,아이패드에서도 Text로 영상제작 가능하게 해주세요,"너무 잘 이유하고 구독도 하고 있습니다.

한가지 요청사항은 PC 뿐만 아니라 아이패드에서도 Text로 영상제작이 가능하게 요청드립니다.",5,0.9.,0,0,2024-01-09T16:41:16-07:00,10804153874,kr
appstore,빵블666,최고입니다,"근데 최근에 이상하게 중국어만 번역기능 사용하려하면
형식에 맞지 않다는 오류가 계속 뜹니다 ㅜㅜ 확인 주시면 감사하겠습니다",5,0.8.6,0,0,2023-10-30T16:13:30-07:00,10533091980,kr
appstore,prcom-adkim,1st Good,It's the best app I use. I recommend it to everyone.,5,0.8.6,0,0,2023-10-08T00:08:49-07:00,10451263139,kr
appstore,예주파파,너무 좋네요.,"거기에 무료라라라라니.
대백",5,0.8.6,0,0,2023-09-12T07:37:36-07:00,10360968779,kr
appstore,로집사,자막 작성 편집에 최고입니다.,중간 무음구간 줄이기 등 디테일한 편집을 편하게 할 수 있어서 너무 좋네요,5,0.8.6,0,0,2023-05-16T19:06:34-07:00,9934688669,kr
appstore,첫차 어플이 짱,항상 좋은일만 있기를 바랍니다,사용 하는 동안에 도움이 많이 되었습니다,5,0.8.6,0,0,2023-04-24T07:44:06-07:00,9856349492,kr
appstore,이카메,"제가 어플로 아이폰,안드. 둘다. 만드시라고. 제안했던사람 입니다. 잘되서 너무. 뿌듯하네요^^","제가 어플로 아이폰,안드. 둘다. 만드시라고. 제안했던사람 입니다. 잘되서 너무. 뿌듯하네요^^",5,0.8.6,0,0,2023-04-21T17:47:22-07:00,9847095058,kr
appstore,전수산,핸드폰 앱으로는 ai 음성 삽입 불가능 한가요?,핸드폰 앱으로는 ai 음성 삽입 불가능 한가요?,5,0.8.6,0,0,2023-04-17T10:44:14-07:00,9832328434,kr
appstore,이건뭐헐,안녕하세요  AI음성 안보여요,안녕하세요  AI음성 누르는데가 안보여요 혹시 아이폰이라 그럴까요?,5,0.8.6,0,0,2023-03-30T08:39:42-07:00,9768309888,kr
appstore,iAgencement,PC처럼 내가 인공지능이 글 읽는 기능이 있나요,고생 많으십니다. PC판은 글을 입력하면 인공지능이 읽는 기능이 있던데 아이패드에서는 이 기능을 못 찾고 있습니다.,2,0.8.6,0,0,2023-02-21T17:01:30-07:00,9641957581,kr
appstore,가입이안되고잇음,가입이안되요ㅜ,"메일을 계속보내는데 메일이 안옵니다 
다른 이메일은 오는데 ㅜㅜ",3,0.8.6,0,0,2023-02-15T00:24:29-07:00,9619318234,kr
appstore,dreamimaa,다크모드,다크모드는 지원안되나요 ㅠㅠ,4,0.8.6,0,0,2023-02-10T07:23:05-07:00,9603227377,kr
appstore,알리앙,자막 불러오기가 안되네요,자막 텍스트파일 불러와서 확인 누르면 적용이 안되네요. 제가 잘못하고 있는건가요??,5,0.8.6,0,0,2023-01-26T21:32:42-07:00,9551538423,kr
appstore,흥해라 브루,말하기 영상 제작에 원탑이라 생각합니다.,"이런 어플 만들어 주셔서 감사합니다.
덕분에 언제 어디서나 편집하고 있습니다.",5,0.8.6,0,0,2023-01-14T00:46:00-07:00,9505601926,kr
appstore,붐이,정말 이렇게 좋은 어플을 만들어 주셔서 감사해요 .,유료가 되어도 꼭 구매하고 쓸게요 ^^. 항상 감사합니다.,5,0.8.6,0,0,2023-01-13T14:48:09-07:00,9504189182,kr
appstore,Seong-Cheol Cho,최고의 편집앱.,피씨에서도 휴대폰에서도 다 잘 되네요.,5,0.8.6,0,0,2022-12-24T15:45:53-07:00,9431535212,kr
appstore,릴료,항상 잘쓰고 있습니다,혹시 pc버젼말고 앱에서도 ai 성우 안나오나요 ??,4,0.8.6,0,0,2022-12-22T17:55:48-07:00,9425032232,kr
appstore,K158,어마어마하게 유용한,최고의 선물,5,0.8.6,0,0,2022-12-09T08:42:42-07:00,9377970951,kr
appstore,임찌영쓰,이어플은미쳤다,"작업시간을 최소 3-5시간 줄여줬다
상받아야한다.
동영상편집쪽도 만들어서
1등해주세요 
와나
나만알고싶어",5,0.8.6,0,0,2022-11-14T20:13:19-07:00,9290820452,kr
appstore,vrew최고,너무 편리함,"제가 지금 1달 정도 이걸로 동영상 편집하고 있거든요 짱이예요.
오른쪽 아래에 vrew라고 써저있는것만 빼면 짱좋아요",5,0.8.6,0,0,2022-11-06T03:09:47-07:00,9260878602,kr
appstore,sakubread,헝가리어도 추가해주세요 ㅠㅠ,"앱 너무너무 좋아요,, 헝가리어 같은 다른 언어들도 꼭 추가해주셨으면 좋겠습니당 🥹🥹",5,0.8.4,0,0,2022-09-11T07:02:39-07:00,9074323208,kr
appstore,땡큐 잡스!!!!,영상 편집자에 최고의 앱~ 사랑합니다,사랑합니다~,5,0.8.4,0,0,2022-08-17T07:39:33-07:00,8988221972,kr
appstore,항이용,질문 있습니다!!!,"안녕하세요...그동안 Vrew 와 함께 많은 영상을 만들었는데요...
최근들어서 영상을 자막과 함께 추출할때....60 프레임 으로 추출 하는데
계속해서 결과물은 30 프레임으로 저장이 됩니다...
예전에는 60 프레임 하면 그대로 저장 되었는데...왜 그런가요?
어떻게 문제를 해결할수 있나요??",3,0.8.3,0,0,2022-06-01T07:56:18-07:00,8730275049,kr
appstore,추천인 eience,음성인식만 따졌을땐 클로바와 차이가 심합니다,열심히 개발중이시겠죠 기다리겠습니다,4,0.8.3,0,0,2022-04-10T01:12:50-07:00,8551573151,kr
appstore,억울한 사람 1,제가 아는 앱에서 가장 최고에요,"저는 현재 브루를 굉장히 잘쓰고 있는데요 이 앱을 진짜 많이 추천합니다 
첫번째 자동자막이 너무 잘됌
두번째 자르기가 쉬움
세번째 조작법이 쉬움
더 있지만 그만하겠습니다
아무튼 전 이 앱이 너무 좋아요",5,0.8.1,0,0,2022-03-21T20:11:18-07:00,8481821929,kr
appstore,백승연8850,진짜 대박 사랑해요,"개발자님 진짜 최고
돈 많이 버세요 너무 감사해요♥️",5,0.8.1,0,0,2022-03-08T17:27:05-07:00,8435300207,kr
appstore,peacefulman,실용적인 앱입니다.,알아서 자막을 달아주니 자막 붙이기도 편하고 편집하기도 내용구분이 쉽습니다.,5,0.8.1,0,0,2022-03-05T18:45:50-07:00,8425081637,kr
appstore,SSUM_-_,워터마크 제거가 안돼요ㅠㅠ,"진짜 엄청 잘 쓰고 있었는데 갑자기 워터마크 제거가 안됩니다ㅠㅠ
워터마크가 흐릿하게 보여요",4,0.8.1,0,0,2022-01-19T20:31:22-07:00,8260636208,kr
appstore,별명 만들 게 없다,"자막 넣기는 정말 편한데 다중자막, pip 등의 개선이 이루어지면 정말 좋겠습니다","작년에 몇 번 쓰다가 익숙지 않아서 그만 두었었는데 오랜만에 다시 편집해보니 더 편하고 폰트도 예뻐지고, 음성인식도 더 좋아진 게 보입니다!

게다가 다른 프로그램보다 확실히 컷편집도 쉽다는 게 큰 장점이네요

다만 한 화면에서 자막이 하나만 생성되는 점(예를 들면 말하는 자막을 깔고 좌 상단에 그 도움 설명을 넣고자 해요..!)이 약간 불편하고,

그리고 로고나 도움 사진 등을 넣고 싶은데 pip가 안 되는 점도 개선된다면 정말 좋을 것 같아요.

마지막으로, 소스를 추가할 때 지금은 시간 역순으로 나오는데 기본 사진첩처럼 즐겨찾기 앨범으로 전에 만들어둔 영상을 넣을 수 있으면 좋겠습니다.

아, 그리고 이건 문의사항인데, 아이패드만 사용하는데 프로젝트 파일을 루마퓨전 등으로 내보내는 건 안 되는 건가요??
vrew의 장점은 어절로 화면 편집이 쉽게 가능한 건데, 위의 다중 자막, 로고 등의 문제를 해결하기 위해 다른 프로그램을 같이 쓰려니 결국 다른 프로그램에서 편집을 다 끝내고 자막을 마지막으로 달러와야 하더라고요.
그런데 그러면 vrew의 저 큰 장점을 유용하게 쓸 수가 없다는 점이 아쉬워서요..!",5,0.8.1,0,0,2021-10-28T22:22:59-07:00,7964967217,kr
appstore,skei$839,정말 좋아요!,"사진 수정할때, 사진을 여러게 묶어서 동영상 만들때 주로 사용하고있는데 너무 편하고 좋아요! 인공지능 인식은 Siri 뺨때리는 수준이고요. 좋은 콘텐츠 만들어주셔서 정말 감사해요!",5,0.7.12,0,0,2021-10-05T03:09:09-07:00,7880244814,kr
appstore,엘프링,와ㅠㅠ,안녕하세요 오늘 브루를 처음 써본 초보 유튜버입니다 취미로 영상 가끔씩 올리는데 자막을 못 넣어서 매일 아쉬웠었는데 이제는 그 아쉬움을 날려버릴수 있을것 같습니다 사용법도 간단해서 편하게 자막을 넣을수 있어서 너무 좋습니다. 이런앱을 만들어주셔서 감사합니다.,5,0.7.12,0,0,2021-10-03T02:23:34-07:00,7872421749,kr
appstore,강도라고,잘 쓰고 있습니다.. 정말 감사합니다!,"몇몇 아쉬운점이 있지만, 간단한 컷과 빠른 자막으로 잘 사용하고 있습니다..",5,0.7.9,0,0,2021-08-02T08:31:55-07:00,7646941500,kr
appstore,이하은ㄴ,전체 자막 복사 후 다른 프로젝트 동영상에 씌우기 위해 붙여넣기를 시도해도 클립보드에 복사된 것이 없다고 뜹니다,전체 자막 복사 후 다른 프로젝트 동영상에 씌우기 위해 붙여넣기를 시도해도 클립보드에 복사된 것이 없다고 뜹니다. 목소리 없이 자막만 들어가는 브이로그 편집을 위해 어플을 사용하고 있습니다. 목소리가 들어간 영상에서 추출한 텍스트를 다른 프로젝트 영상(목소리가 삭제된 영상)에 삽입할 수 있는 방법은 없나요?,4,0.7.8,0,0,2021-07-26T00:48:26-07:00,7619149232,kr
appstore,스마트꼬부깅,리뷰잘안쓰는데 대만족이라 남깁니다..,단언컨데 역대급 편집툴입니다…,5,0.7.8,0,0,2021-07-24T10:59:58-07:00,7613588976,kr
appstore,송쑥,자막과 편집을 동시에,"자막 뿐 아니라 필요없는 무음구간까지 편집하니 
시간이 많이 절약 됩니다. 
아이무비나 다른 편집앱보다 훨씬 엣지 있답니다~",5,0.7.8,0,0,2021-07-24T00:20:41-07:00,7611753587,kr
appstore,일강일,편집 콜,자막이 나와 너무 좋습니다,5,0.7.8,0,0,2021-07-19T23:08:46-07:00,7596784475,kr
appstore,은지ㅎㅎ,최고에요 :),"웬만한 어플은 리뷰 안쓰는데, 넘 만족스러워서 작성해요! 유튭 편집하면서 pc버전으로 주로 쓰고, 어플은 영어번역이 필요할때 주오 사용해요 ㅎㅎ 
영어번역이 넘 퀄리티있고 센스있어요! :)
감사합니다",5,0.7.7,0,0,2021-06-28T07:39:04-07:00,7515701356,kr
appstore,richRAHYEON,내보내기가 안되요.,"자막기능 당연히 베스트입니다.
다만 최근 내보내기 기능이 되지 않아 짜증날 떄가 한두번이 아니에요. 계속 다시 시도하라고 나옵니다. 재부팅을 해도 되지 않아 화가 납니다.",3,0.7.4,0,0,2021-05-29T05:03:49-07:00,7401980501,kr
appstore,꿀팁입이다,개발자님 흥하세요,들숨에 재력과 날숨에 건강하십시오,5,0.6.6,0,0,2021-03-22T03:13:33-07:00,7131007416,kr
appstore,HolhMolyPoly,최고에요ㅠㅠ갓개발자님,"와,,,진짜 저 살면서 아이폰 어플 리뷰 한 번도 해본 적 없는 사람인데, 개발자님 너무 멋있습니다. 덕분에 대학교 싸강 영어 수업 따라가기 어려웠는데, 이 어플로 제대로 공부하고 있습니다. ㅠㅠ듣기가 약해서 좌절하면서 수업듣고 있었는데, 한국교수님이 영어로 이야기하는 수업인데도 발음 음원인식 너무 잘해서 덕분에 편하게 수업 듣고 있습니다. 심지어 동시자막 인식까지,,살면서 가장 유용하고 편하게 도움 받으며 쓰는 어플 같네요. 진심으로 감사합니다. 개발자님 적게 일하고 많이 벌으세요❤️",5,0.6.6,0,0,2021-03-11T05:59:52-07:00,7090859159,kr
appstore,kang010710,아이패드로 자막넣기 너무 좋아요,Ui가 편하게 잘 되어있어요! 간단한 영상 보정까지 가능하면 더 좋을 거 같습니다. 폰트 검색도 가능하면 더더 좋겠어요!,5,0.6.5,0,0,2021-03-06T00:28:44-07:00,7071074619,kr
appstore,사직도,신세계입니다.,영상 작업하면서 제일 노가대 중 하나가 자막이었는데 한방에 해결합니다. 정확도도 좋고 디자인도 좋고 사용하기도 편합니다. 별 다섯개 꾹꾹 누르고 갑니다.,5,0.6.5,0,0,2021-02-24T19:35:13-07:00,7035239500,kr
appstore,soojuoo,자막 동시에 여러개,자막이 동시에 여러개 들어갈 수 있는 기능이 생기면 정말정말 좋을 것 같아요!! 한 컷에 자막 하나가 아닌 여러개 이곳 저곳 넣을 수 있게요! 제발 이 기능 부탁드려요~ 그리구 자막에 키프레임 설정도 생긴다면 완전 완벽입니다!,5,0.6.5,0,0,2021-02-22T07:10:44-07:00,7025567965,kr
appstore,바니링,주로 아이패드로 쓰고 있는데,로그인이 안됩니다! 비밀번호를 다시 설정하려고 해도 타임아웃이라고 하는데 어떻게 해결해야 할까요??,4,0.6.4,0,0,2021-02-15T21:54:19-07:00,6999871678,kr
appstore,나 뉴규,자! 꼭 보세요!,"짜잔!!! 여러분은 이제부터 이 앱의
저주에 걸리셨습니다!
이저주에 걸리신 여러분 잘들으세요
며칠동안은 잘 되다가 어머나!!!내가 만든 동영상~내가 내 사진파일로 보낸다는데~!왜 내보내기가 안될까??? 
하하하 제 심성을 건드셨으니!1점 줍니다!
어머~~~말 안한거 있다!
이거 껐다 켜면은 해결

된다고할줄알았죠~!
응 아니야 음성 불러오는것도 겁나 힘들더니
핑 렉도 심하고 참.... 
이거 한번 저주 걸리면 ! 영원히 안되는건가?
어이고어이고... 만년설이 물이 되어 흐를때까지 안된다구요?!
우와.. 그러면 벼락 맞고 로또 당첨되는게 더 쉽겠어요 !
만약 이 저주를 피하고 싶다면
딴 앱 까세요 ㅎㅎ!
한마디로! 망앱!",1,0.6.3,0,0,2021-02-03T01:19:13-07:00,6948003797,kr
appstore,크루즈 이,리뷰,좋아요 좋아요 너무 좋아요~~,5,0.6.0,0,0,2021-01-20T13:14:10-07:00,6893648724,kr
appstore,준인데여,자막 초 설정 해주세요!,자막을 조금 띄엄띄엄 넣고 싶은데 계속 이어지게 되니까 자막을 몇 초부터 몇 초까지 넣을 건지 설정할 수 있게 해주세요,3,0.5.11,0,0,2021-01-07T20:42:36-07:00,6843845091,kr
appstore,미소시루0,감사합니다,"감사하고 사랑합니다 ㅠㅠ
이렇게 훌륭한 앱을 무료로 이용할수 있게 해주시다뇨ㅠㅠ",5,0.5.11,0,0,2020-12-28T06:55:28-07:00,6803280947,kr
appstore,퍄노찬미아노,고맙습니다,"잘 사용하고 있습니다

무료로 사용하기에 로고는 지우지 않고 영상을 올리고 있습니다

지금도 좋지만 더 발전하길 바랍니다",5,0.5.8,0,0,2020-11-29T09:31:16-07:00,6699611933,kr
appstore,ㅎㅏ이호,감동스러워요...,사실 얼마나 인식을 잘할까 했는데...진짜 대박이에요..여러분 꼭 쓰세요.ㅎㅎ 영상만들떼 자막 귀찮아서 안넣던 1인인데 무조건.. ㅠㅠ 감사합니다,5,0.5.8,0,0,2020-11-28T15:23:52-07:00,6696797380,kr
appstore,고양이엄마꽃돼지,넘좋아요,아이폰으로 편집하면 넘좋아요,5,0.5.7,0,0,2020-11-27T03:34:26-07:00,6691002714,kr
appstore,정원재.,소감,",무음삭제가 너무좋고요
아직은 아쉬운점 없어요",5,0.5.7,0,0,2020-11-22T05:28:10-07:00,6673560359,kr
appstore,xx TAE KING xx,최고입니다,정말 유튜버 하는 분들은 강추입니다,5,0.5.6,0,0,2020-11-06T20:07:13-07:00,6617343301,kr
appstore,잇뷘,왜 갑자기 자막수정이 안될까요?,"어플 설치하고 처음 시험삼아 영상 불러왔을 때는 분명 자막을 수정할 수 있었던 것 같은데
오늘 제대로 자막 넣으려고 했더니 갑자기 자막 수정이 처음 부터 안됐던 것처럼 키보드조차 올라오지 않네요ㅠ 혹시 영상 길이 제한이 있나 싶어서 1분짜리 짧은 영상도 열어봤는데 수정이 안돼요...
답답하네요ㅜ 버그인지 뭔지ㅜㅜ
ios14로 최근에 업그레이드 한 거 때문에 호환이 안되는 건가요??",4,0.5.3,0,0,2020-09-26T07:26:56-07:00,6470796703,kr
appstore,정선쌤,안드로이드 버젼은?,언제쯤 나오나요?,5,0.5.2,0,0,2020-09-23T13:47:25-07:00,6461163656,kr
appstore,블루블루쿠키!,딱 한 가지 아쉬운 점,"Vrew를 아주 유용하게 쓰고 있는 유튜버입니다.제가 유튜브를 하다 보니 영상에 인트로,아웃트로를 넣어야합니다.그런데 배경음악을 넣으면 인트로,아웃트로의 배경음악과 겹치더군요.그래서 결론은 특정 구간에만 배경음악을 넣을 수 있는 기능을 추가해주셨음합니다!",5,0.4.8,0,0,2020-09-15T15:27:08-07:00,6432984757,kr
appstore,드리머황,정말 초 슈퍼 울트라 캡숑 나이스 짱 어플입니다. 초 강추합니다.,"진심으로 감사드립니다. 

흥하세요^**",5,0.4.8,0,0,2020-08-25T04:18:17-07:00,6358952997,kr
appstore,곤둔아,정말 잘쓰고 있어요,"말자막 쓰는 영상에는 최고라서 블로그 리뷰로도 홍보 많이 하고 있습니다
그런데 혹시 유튜브자체 자막처럼 기존에 문서화된 스크립트를 한번에 입력해서 싱크 맞춰 자막만드는 기능을 추가하실 계획은 없으신지요? 
대본을 읽는 영상의 경우 이렇게 가능하면 정말 좋을 것 같아요.
그리고 유료화 좀 하시길... 그냥 쓰기 미안해요",5,0.4.8,0,0,2020-08-22T09:48:42-07:00,6349275057,kr
appstore,심외,자막 제작 어플중에 최고예요!,"지금까지 써 본 어플중에 가장 좋습니다. 익스포트 되는 것도 좋구요. 
다만 자막구간이 3초로 지정되어 나눠지는게 조금 불편해요. 타임을 사용자가 임의로 찍을 수 있었으면 좋겠어요. 
어플 사용하는 중에는 블루투스 키보드를 연결해서 작업하는데 만약 단축키로  스타트타임만 찍을 수 있어도 아주 좋을 것 같습니다. 더 많은 언어팩을 위해서 유료결제할 의사도 충분하니 많은 발전과 업데이트 바랍니다^^",5,0.4.6,0,0,2020-08-10T07:33:18-07:00,6302675963,kr
appstore,weooslsls,내보내기를 누르면 미디어를 디코드할수없고 손상되었을수 있다고 뜹니다,어떻게 해야하나요?,5,0.4.6,0,0,2020-08-02T01:00:37-07:00,6270275267,kr
appstore,바당구,이런게 인공지능이죠 와대박,"영상디자인을 전공해서 사회에 나왔더니 ㅎ정말 방송국에 오래된 편집기들,시간낭비 속에서 거꾸로 돌아간다는 느낌을 지울수가없었어요 영상툴의 발전과정,?역사?를 생각하게되고.이건 더이상
밥벌어먹을 기술이 아니구나 깨닫게되었죠. 이런게 나올거라 생각은했지만 정말 직관적으로 잘만들었네요.디테일이 미침.딥러닝 진심 배우고싶다.",5,0.4.2,1,1,2020-06-17T06:19:46-07:00,6087295405,kr
appstore,swi5154,잘 사용하고 있습니다,그런데 지원언어가 부족해요ㅠㅠ 중국어 추가해주실계획 있나요??,5,0.3.7,0,0,2020-05-24T02:54:44-07:00,5987245957,kr
appstore,지나가는 작가,인생 최고의 앱,"처음으로 글 남깁니다.
지금까지 본 최고의 앱입니다.
가끔 취미로 번역 작업하는데 이보다 더 편한 앱을 본 적이 없네요.
기능은 물론 사용자 편의성이 환상적입니다.
이걸 무료로 풀어주시니 개발자 님께 정말 감사할 따름입니다.
피드백도 해주시고 의견도 반영해 주시는 개발자님께 다시 한 번 감사드립니다.
저도 개발자로서 약 10년 정도 일했는데, 진심 존경합니다^^
화이링~",5,0.3.7,0,0,2020-05-22T07:24:09-07:00,5979392855,kr
appstore,SUEIEL,"아이패드에서 써 봤는데요, 자막이 뜨는 초단위 시간을 편집하는 건 안되네요?",약간의 오류가 있어서 수정을 하는데 자막 시간 편집이 안되네요.,3,0.3.5,0,0,2020-05-18T21:46:52-07:00,5964050229,kr
appstore,매봉사나이,정말 필요한 프로그램 입니다..최고,"우연히 발견을 했는데 정말 좋네요. 최고입니다
UI부터 거부감이 없고 자막편집이 너무편리합니다",5,0.3.4,0,0,2020-05-09T03:47:03-07:00,5923026736,kr
appstore,Whitedimmer,해상도 설정,사용자가 직접 해상도를 설정할 수 있게 해주시면 좋겠습니다. 1080p 또는 60프레임도 프레임도 설정할수 있게 해주시면 정말 감사하겠고요.,4,0.3.4,0,0,2020-05-08T07:21:26-07:00,5919422515,kr
appstore,아이폰X씁니다,씽크가 안맞아요ㅠㅠㅠㅠ,"13분 영상 자막 다 썼는데...
익스포트 하니까 씽크가 안맞아요
와 어떻게 해야하나요...",1,0.3.3,0,0,2020-05-02T08:22:21-07:00,5893590192,kr
appstore,syxa51,영상내보내기,아무리 좋은 프로그램이라도 내보내기가 안되서 사용이 안되면 무용지물인것 같네요 영상내보내기를 누르면 계속 멈춰서 한시간이고 두시간이고 진행이 안됩니다,1,0.3.3,0,0,2020-04-27T18:27:33-07:00,5873053699,kr
appstore,아뚱2,혹시 자막 익스포트는 안되나요?,"어플로 편집했을 때 동영상만 내보낼 수 있는데
피씨버전에서는 srt 파일로 익스포트가 되더라구요! 
한글은 본 앱으로 편집하고 다른 나라 언어는 srt 파일로 익스포트 후 유튭에서 불러오고 싶습니다 ㅜㅜ 피씨버전만 가능한 기능인가요!?",5,0.3.1,0,0,2020-04-18T00:44:40-07:00,5828501095,kr
appstore,중.복.노우!,혹시 다른 언어 더 추가될 계획이 있나욥??,"독일어가 필요해서 그런데...
추가될 계획이 있는지,
언제쯤은 가능할거 같다라는 것이 있을까욥?

앱은 정말 기똥차게 좋아욥!!!",5,0.3.1,0,0,2020-04-12T01:29:26-07:00,5799924705,kr
appstore,죠아혈,싱크가 안 맞아서 리뷰 올렸는데,빠른 답변과 전화받는 분의 태도...!!👍🏻리뷰를 다시 쓰게 만드네요!! 보안점 잘 수정되서 넘버원 자막프로그램이 되시길..!!!,5,0.2.0,0,1,2020-03-03T00:50:29-07:00,5609727950,kr
appstore,홈런날려버렷,선생님 제발 중국어도 부탁드려요 ㅜㅠㅜ,제발요 ㅜㅠㅜㅠㅜ 일본어 써보고 매력에 퐁당 빠졌단 말이이죠 ㅜㅠㅜㅜ 살려주세요 ㅜㅜ 중국어 공부에 꼬옥 필요합니다 ㅜㅜ,5,0.2.0,0,0,2020-03-02T00:26:02-07:00,5605272761,kr
appstore,토바로바,영어자막 내보내기 오류,"영어자막을 내보내면 첫자막에서 다음 자막으로 안넘어가요 ㅠ
한국 자막은 잘만되는데 ㅜㅜ",3,0.2.0,0,0,2020-03-01T04:51:46-07:00,5601502229,kr
appstore,메인스트1234567,컨셉은 너무 멋져요!,다만 음성인식이 아직 부족해 보이네요^^하지만 점점 좋어지겠죠? 응원합니다!,4,0.1.1,0,0,2020-02-24T02:34:26-07:00,5573745974,kr
appstore,이달소만바라바,스마트폰에서,스마트폰에서 가장 빠르게 자막 컷편집을 하는 솔루션입니다.,5,0.1.1,0,0,2020-02-22T00:13:45-07:00,5564396895,kr
appstore,캠핑브이로거,태어나서 리뷰처음써봐요,"피씨버전 너무 잘쓰고 있어요
브이로그 편집계의 혁명입니다
너무 잘만든 프로그램.
요즘 편집할 시간이 부족해서 어떡하지 하다가
설마설마하고 앱스토어 찾아봤는데 있네요. 맙소사
이제 폰으로도 편집할 수 있겠어요
개발자님 기획자님 너무 감사드려요
어플은 아직 안써봤지만 기대됩니다!",5,0.0.15,0,0,2020-02-11T21:23:16-07:00,5519782208,kr
appstore,Prscu24a,좋아요!,"오타 수정을 많이 해야하는 부분은
제 발음이 문제 같네요 ㅎㅎ

맥용으로 잘 쓰고 있어요
그래서 이 앱도 바로 설치했고 
사용해보니 동일한 사용감으로 아주 좋습니다.

근데 아이폰 용은 srt로 출력을 어떻게 할 수 있을까요?",4,0.0.15,0,0,2020-02-08T10:37:40-07:00,5504935061,kr
appstore,수정해주세여요요요,너무 감사합니다,영상 만들면서 자막 만드는게 진짜 핵노가다였는데 정말 너무 감사합니다 ㅠㅠ,5,0.0.13,0,0,2020-01-16T17:56:06-07:00,5412908802,kr
appstore,Hn_-_,키보드 숏컷이 추가되면 좋겠습니다.,"PC버전부터 너무 잘 쓰고 있어서 개발자님께 늘 감사드리고 있습니다. 모바일 버전도 더할 나위 없습니다. 한가지 바라는 점이 있다면 키보드로 단축키가 지원되면 편집 속도가 훨씬 빨라질 듯 합니다. PC버전을 사용할 당시 어절간 이동이나 삭제, 현재 어절에서 재생 시작 등의 단축키가 있어 키보드만으로도 빠르고 수월하게 편집할 수 있었기에 빈자리가 더 크게 느껴지는 듯 하네요. 저는 특히나 아이패드로 사용할 일이 많아서 손의 동선이 좀 아쉽습니다. 키보드 숏컷에 마우스 조합이면 화면을 터치할 일 없이 빠른 편집이 가능할 것 같네요. 다시 한번 좋은 프로그램 감사드립니다.",5,0.0.11,0,0,2019-12-25T00:14:41-07:00,5316482152,kr
appstore,써클제이,안드로이드 버젼 출시는?,최고 어플입니다. 안드로이드 어플은 언제 나오나요?,5,0.0.11,0,0,2019-12-23T14:32:27-07:00,5310462222,kr
appstore,곡물,환상적입니다,어제 업데이트된 클립별 자막 글자/크기/위치/색상 적용해 보았습니다. 엄청 멋집니다. 앞으로 애니메이션까지 도입된다면 끝판일겁니다. 개발자님 엄청 돈 벌거라  확신합니다.,5,0.0.11,1,1,2019-12-21T00:01:02-07:00,5298879224,kr
appstore,Modesto4,단 하나의 단점!,"개발자님, 좋은 프로그램 만들어주셔서 감사합니다. 군더기 없이 최고의 어플입니다. 다만 언어가 다양하지 못해 저는 이용을 못할꺼 같습니다. 태국어와 러시아어 선택 부탁합니다. 채널상 다양한 언어를 이용하는 채널이라 절실합니다. 감사합니다.",5,0.0.9,0,0,2019-12-16T22:31:54-07:00,5282217330,kr
appstore,업라이트,말도 안됩니다,이런 좋은 앱이 어떻게 무료일 수 있죠 !!,5,0.0.7,0,0,2019-11-26T20:18:27-07:00,5201968190,kr
appstore,Ahnbm99,최고네요!,"지금까지 써봤던 앱중에 유료포함해서도 정말 최고의 앱이라고 자부합니다.
이런 멋진 프로그램을 만들어주셔서 감사합니다 ^^",5,0.0.5,0,0,2019-11-13T06:07:39-07:00,5132214366,kr
appstore,브루루루,"최고입니다,,,",말이 필요 없네요,5,0.0.3,0,0,2019-10-30T09:26:05-07:00,5051386837,kr
appstore,BOMB SICK,모바일로 영상편집하는 사람에게는 정말...,"최고의 앱이 아닐까 생각합니다-

아이패드에서 편집하고 자막때문에 컴퓨터로 항상 옮겼었는데 그부분이 해결되는것 같아 너무 좋고

단톡방에서 피드백 받고 또 그걸 업데이트로 빨리 패치해주셔서 너무 좋습니다-

브류짱!!",5,0.0.2,0,0,2019-10-16T21:16:03-07:00,4958382867,kr
appstore,뚜똬똬,브루는 사랑입니다,사랑둥이 브루 감사합니다 님들이 저를 자막 지옥에서 살렸어요🥰,5,0.0.1,0,0,2019-10-08T07:43:46-07:00,4909435395,kr
appstore,오즈온,기다렸던 앱입니다 ^^,예전에 앱버젼 기다린다고 했는데 패드백 해주셔서 고맙습니다. 배경색도 글자색처럼 다양했으면 좋겠습니다 ^^ 좋은 앱을 만들어주셔서 고맙습니다 !!!,5,0.0.1,0,0,2019-10-08T07:31:27-07:00,4909389062,kr
appstore,깅123,좋네요,영상에 자막 넣는 게 이렇게 쉽다니... 글자 지우면 영상 자동으로 편집되는 것도 엄청 신기하고 편하네요. 짱입니다.,5,0.0.1,0,0,2019-10-08T07:03:48-07:00,4909288209,kr
appstore,자미물화,감사합니다.,치하키님 영상보고 다운받습니다.,5,0.0.1,0,0,2019-10-08T04:18:43-07:00,4908687488,kr
appstore,아스팙,Vrew가 앱으로 나오다니...,이제 진짜 루마퓨전과의 조합으로 엄청 편하게 영상작업 할 수 있겠네요ㅠㅠ 정확도도 좋고.. 정말 최고입니다ㅠㅠㅠ,5,0.0.1,0,0,2019-10-08T02:20:05-07:00,4908301988,kr
appstore,어허러허러허럴ㄹ,말해뭐해,브류팀 장수하세요!!!!!! ^^,5,0.0.1,0,0,2019-10-08T00:20:21-07:00,4907971786,kr
appstore,Gmquj,브루의 끝은 어디인가요??????,PC버전을 무료로 풀더니 이젠 앱으로 넘어 와서 편집 시장에 찬란한 한 줄기 빛을 비추는 당신은 누구입니꺄?,5,0.0.1,0,0,2019-10-07T17:44:18-07:00,4906895426,kr
appstore,향추,나레이션 위주로 편집하는데 정말 편하네요,"다만 소리로 편집해야 할때는 번거럽지만 무음구간 편집 같은 기능은 정말 좋아요

에이아이 기능도 도전해보고 싶네요",4,0.9.,0,0,2024-01-04T12:05:11-07:00,10784172938,us
appstore,bakmal,편집 기능,기능이 여러가지로 쉽고 편리함,5,0.8.6,0,0,2023-11-12T15:26:10-07:00,10579493654,us
appstore,네오3,와 이런 영상 편집 앱 처음이예요,"정말 사용하기 편하고 간단하고 퀄리티 좋고....거기에 무료....
일단 제가 필요로 하는 기능은 거의 다 있네요 

감사합니다.",5,0.8.6,0,0,2023-08-06T00:59:42-07:00,10225291081,us
appstore,مصطفى المغربي,No Arabic,Unfortunately the app doesn't support Arabic.any soon updates?,2,0.8.6,0,0,2023-08-04T13:09:54-07:00,10219982931,us
appstore,ダルマん子,前は良かったけど今はクソ,前は非常に良かったけど、急にプロジェクトを保存出来なくなってとても困ってる。以前は良かっただけに今はとても困ってる。早く治して欲しい,5,0.7.3,0,0,2021-05-17T08:07:00-07:00,7351092304,us
appstore,kandiblueberry,My new favorite Captioning app,"After having Simple caption apps stop working for me in the last month, I thought I would be without an app and unable to caption my videos. But then after finding this app I was more than satisfied in its performance, in the fact that the watermark isn’t huge, and the fact that it’s free. This app does what so many caption subscription apps should do. It is a great quality and I look forward to using it to caption all of my future videos.",5,0.5.6,0,1,2020-10-31T14:45:21-07:00,6595148454,us
appstore,FanMatisse,Ms.,"This app is so far one of the best I have used. It can detect the texts from sound and converted them into subtitles.

Not only it can add subtitles to videos, but the subtitles can be adjusted with size and colors.

Plus, there’s an option to copy all subtitles as text only.

There’s one more function that’s extremely helpful, the translation.

Right now there are several important languages that are available. One can choose to translate it and keep the converted language or just keep two languages together.

Thank you so much for developing such a good application. Really 
appreciate it!!",5,0.5.5,0,1,2020-10-28T02:38:18-07:00,6582327071,us
appstore,Thetroll51,Too hard to use,App is way to hard to use and is confusing. Please improve the ui,1,0.4.8,0,0,2020-08-21T17:13:41-07:00,6346673349,us
appstore,Clrdac,Huge Fan Of Vrew. Forever Will Be A Vrew Lover!,"I love Vrew! Such an affordable app! Rating this five stars! Good job, Vrew Team!",5,0.4.6,0,0,2020-07-14T21:59:45-07:00,6199405791,us
appstore,TimBsTechTalk,Superb,This app is fantastic! If you are looking to add subtitles to your videos this app is this best! The app comes with a range of customizations and even exports to SRT.,5,0.4.0,1,1,2020-06-05T13:43:01-07:00,6039825663,us
appstore,Sagal Ali,"why isn't it allowing me to make ""in app purchases"" feature?","i want to buy this and remove the watermark, when will this be available? other than that, it's a pretty neat app!",5,0.0.15,0,0,2020-02-10T10:41:14-07:00,5513771794,us
appstore,mnhyk,Make your own Vdo clip,"First time using video editing app. It’s so much easier than I thought. Putting subtitles in the clips makes all of my Videos more fun and dynamic. I know this app needs more improvement but let’s see how far they can make it thru. Easy, fun, and most importantly it is free! Thank you.",5,0.0.11,1,1,2020-01-02T22:20:35-07:00,5354082215,us
appstore,…。,ai音声を生成できない,PC版でなければai音声を生成できない。iPhoneで作業したいため、いまは仕方なくCapCutを使っている。,1,0.9.8,0,0,2025-11-15T22:20:32-07:00,13403836701,jp
appstore,か〜やです,字幕便利簡単,使いやすいです,5,0.9.8,0,0,2025-10-26T03:55:36-07:00,13316093309,jp
appstore,わかむらん,無料でここまでできるなんて,即座に文字起こししてくれるアプリのパイオニア！他のアプリ使っても結局vrewが1番！,5,0.9.8,0,0,2025-10-04T03:15:31-07:00,13221847098,jp
appstore,スクリプト^_^,Googleアカウントでのログイン,"パソコンからはGoogleアカウントでログインが出来るのに、iPhoneアプリからは使えないのでしょうか。
パソコンからGoogleログインを設定したので、共用するには普通にメールアドレスとパスワードでアカウントを作り直さなければなりません。",3,0.9.7,0,0,2025-09-02T12:04:05-07:00,13091231761,jp
appstore,@Jjgw,星一つも付けたくない,"画像、動画何も読み込めない。
速攻で退会した。",1,0.9.7,0,0,2025-07-28T01:17:37-07:00,12945657409,jp
appstore,GoogleLoginPlease,No Google login option — can’t use the mobile app. グーグルアカウントでログインができず、アプリ版が使えていません。,"I’ve never been able to use the mobile app because there’s no option to log in with a Google account. As a paying user, it’s frustrating that this login method isn’t even available. I’ve been editing videos using the PC version instead, but I really hope you will add Google login support for the mobile app soon. アプリ版は使いたくても、Googleアカウントでログインできないため一度も使えていません。そもそもログイン方法としてGoogleアカウントが用意されていないのは、有料ユーザーとして納得がいきません。仕方なくPC版で動画編集をしていますが、アプリでも使えるように早急に対応していただきたいです。",1,0.9.7,0,0,2025-06-13T06:26:37-07:00,12769483073,jp
appstore,さゆ2,スローになる,文字起こしをしたいのに、スロー再生になって音声も文字も意味が全く分からない。,1,0.9.7,0,0,2025-05-08T23:36:52-07:00,12635771591,jp
appstore,へいみっ酢,昔DLした時は〜,"よく分からなくてすぐ削除したんだけど再びどうにも翻訳が必要になり再挑戦。
今回はすぐ翻訳できました！前は何故出来なかったのかが思い出せない…。
分数制限とかあるんですかね？",4,0.9.7,0,0,2025-05-05T05:10:03-07:00,12622070151,jp
appstore,msu24,辛い,なんか原因不明のアプリ落ちて今現在困ってるけど、原因分からないから最悪,3,0.9.7,0,0,2025-04-28T00:06:32-07:00,12594762680,jp
appstore,あいる5416,効果音入れれるようにしてほしい,なぜbgmは入れれて効果音は入れれないのでしょう？iPad版にも早く実装してほしいです。,5,0.9.7,0,0,2025-04-14T02:14:59-07:00,12541586032,jp
appstore,ママーンヤン,NICE,これは使いやすい！初めてなのにスイスイ使えるー❣️,5,0.9.7,0,0,2025-04-10T08:25:16-07:00,12526742328,jp
appstore,桃太郎2795,大好き,字幕や編集に役立ちます。,5,0.9.7,0,1,2024-10-01T20:37:26-07:00,11787495164,jp
appstore,kyoshi441,ありがとう　ありがとう,古稀のシニアにやる気を起こさせて くれて本当に嬉しい😃まだ拙い 字幕だけど達成感あり🙏,4,0.9.7,0,0,2024-09-18T17:44:36-07:00,11739279210,jp
appstore,西沢凛心,使いやすさ,めちゃくちゃ使いやすい！,5,0.9.7,0,0,2024-09-15T02:33:47-07:00,11726180248,jp
appstore,max6 Ultra,401エラーが治りません,"動画を読み込もうとすると、401エラーが出ます。

再起動すれば直りますが、なんとかなりませんか？",5,0.9.3,0,0,2024-06-03T17:08:51-07:00,11340503700,jp
appstore,めるもーん,かなり良いですが,縦書きができれば最高です！！お願いします！,4,0.9.3,0,0,2024-05-30T09:53:07-07:00,11324441322,jp
appstore,あおかさはな,いい,すごいと思った！,5,0.9.3,0,0,2024-05-21T17:00:53-07:00,11292786727,jp
appstore,シュン骨,要望,書き出しの際フレームレートと画質ををもっと細かく設定できるといいと思います,3,0.9.3,0,0,2024-05-15T19:24:48-07:00,11271919393,jp
appstore,ふぃk,編集が楽です,"特に余分な部分のカットがやりやすい。
無料で字幕のカラーや書体も選べるので大満足。
カット作業と字幕作業の短縮に役立ちました。
お勧めのツールです。",5,0.9.3,0,0,2024-03-14T00:21:07-07:00,11042548176,jp
appstore,ヤタノカガミ8,素人でもなんとかなる,とっても良き,5,0.9.2,0,0,2024-02-11T03:56:40-07:00,10926766658,jp
appstore,無流風,要望,"ダークモードの追加と、
🤣👏←これ無くしてくれませんか？",4,0.9.2,0,0,2024-02-08T08:18:53-07:00,10916480026,jp
appstore,午後のうさ吉,テキストから動画、はpcからのみ？,テキストから動画を作れると聞いてダウンロードしたけれど、、、出来ないようですね。自動で字幕作れるのは知っていましたし、便利ですよ。テキストから動画の機能を、どうかiPadアプリ版にもお願いします。,3,0.9.2,0,0,2024-02-07T05:10:52-07:00,10912166623,jp
appstore,michael yaya,使い勝手がいい,初めて使用させて頂きましたが、初心者の私でも完成させる事ができました。有難うございます,5,0.9.2,0,0,2024-02-05T18:22:46-07:00,10906736820,jp
appstore,絶好調超新星,動画作ってくれないのが,iPhone版なんだね、PC版と違って。,3,0.9.2,0,0,2024-01-23T00:56:18-07:00,10854124933,jp
appstore,チィあい,初めて,まだ、使い方がわからない,3,0.8.6,0,0,2023-10-22T18:45:45-07:00,10505300912,jp
appstore,VITAvictory777,大感謝,このアプリに出逢ってから動画編集がどんなに楽になったか...ありがとうございます！,5,0.8.6,0,0,2023-10-11T10:16:22-07:00,10463232361,jp
appstore,やすし0358,無料でこの品質！使いやすさ！無広告！,直感的に使えて本当に重宝しています！,5,0.8.6,0,0,2023-08-30T00:38:02-07:00,10314715484,jp
appstore,あさまる⭐️,分かる方いたら教えてください！,"フォントの追加が出来ません。
やり方はあるのでしょうか…？

出来たら⭐️5
とっても便利で無料なのでありがたいアプリです！",4,0.8.6,0,0,2023-07-27T16:15:00-07:00,10189458833,jp
appstore,スミソソウ,動画無料で使えて便利です。(^_^),無料の音楽が沢山あって動画が楽しく作れるので､楽しいです。,5,0.8.6,0,0,2023-05-22T06:35:57-07:00,9953814308,jp
appstore,super225,Please add French,"Very easy to use! This app is a great idea! 
but I'd love to see French added!",5,0.8.6,0,0,2023-05-09T01:18:05-07:00,9908175582,jp
appstore,yrjjaj,サーバー落ちているんでしょうか？,"ログイン出来ませんし出来たとしても音声読み込み出来ません。
復旧願います。",1,0.8.6,0,0,2023-04-14T02:21:41-07:00,9820153329,jp
appstore,拓磨タクマ,無料にしては良い,無料にしては良いが有料ならしゃべりと字幕の始まりのズレ0.2秒前後、しゃべりと字幕のズレがあるので製品にしては悪いと評価せざるを得ない。そして数年このアプリにはお世話になっているがデータを回収しているくせに音声からの文字起こしにスペックが反映されていないのは進化が感じられない。,4,0.8.6,0,0,2023-04-12T23:20:49-07:00,9816348782,jp
appstore,く..そ..,ゴミアプリが！調子乗ってんじゃねえよ。,文字が全て「？」になって一文字も読みとらねえじゃねえか。とんだゴミアプリだな。バグを直さない限り星一つですね。,1,0.8.6,0,0,2023-03-20T22:32:41-07:00,9735570216,jp
appstore,xinmeo,凄っ！😆✨,あっというまに、できちゃう！,5,0.8.6,0,0,2023-01-23T01:37:29-07:00,9538054868,jp
appstore,otsuki_,vrew,使いやすい,5,0.8.6,0,0,2023-01-20T04:44:58-07:00,9527549510,jp
appstore,mihimaru30,文字入れがすごく楽に😊,"文字入れが楽で、動画がアップしやすくなりました。

文字の編集作業も、簡単で使い勝手がいいです👍",5,0.8.6,0,0,2022-12-13T16:25:27-07:00,9393395346,jp
appstore,おきゃ～,残念,"音声聞き取りが間違うならまだ許せる。
間違ってるとこ手打ちで直したのに、文字化けして正しく表示されない。
これじゃ使えないです。
良さそうだと期待したのに、ガッカリ",2,0.8.6,0,0,2022-10-18T21:02:58-07:00,9199165405,jp
appstore,iQ117,久しぶりの画像編集,アクションカメラからチョット遠ざかり、現在はiphone (カメラ機能が多様化された為)に集中しております。静止画像にもテキストを挿入しながらの編集ですq,5,0.8.5,0,0,2022-09-16T23:39:31-07:00,9092813759,jp
appstore,ショーンパーカー,ios16のアップデートで不具合,ios16へアップデートした瞬間、全てのエクスポートが不可になりました。。 早急のご対応をお願いします。 機種　iPhone12 Pro MAX,3,0.8.4,0,0,2022-09-13T02:49:42-07:00,9080164810,jp
appstore,chiKafe,素晴らしすぎて感動しております！！,"何もかもが便利で感動です。
保存は、このアプリの中ではなく自分の写真フォルダへの保存のみになるの？だけ分からなかったのですが、そんなことは気にならないくらい機能の充実、広告まで無料で消せるし音楽もついているし、字幕の正確さは他のアプリより抜きん出てすばらしいです！",5,0.8.4,0,0,2022-08-19T18:24:06-07:00,8996465071,jp
appstore,アラジシャクぅ〜,悩みが解消されました！,"字幕を手動で入れることに、時間と労力を費やして悩んでいたので、本当に助かっています！！
色や文字の系統までカスタマイズ出来て、特に表示されるタイミングを合わせる手間が省けたので、今後も字幕入れに必須のアプリです！",5,0.8.4,0,0,2022-08-16T02:20:53-07:00,8983964778,jp
appstore,Ron Keel1984,使いやすく便利ですが、言語の読み取りが弱い,"音楽付き動画を翻訳する場合は、テキストとして現れない、また言語の読み取りがすこし弱く、訛った英語などは聞き取れないようです。
YouTube並の力を発揮してくれれば、パーフェクトです👍",4,0.8.4,0,0,2022-08-13T03:19:34-07:00,8974015691,jp
appstore,scスーさん,とっても素晴らしいアプリです,"動画編集に使用しておりますとっても素晴らしいアプリだと思いますただ1点気になる点が
…iPadで編集しているんですが、一度iPad修理に出そうと思っております、プロジェクトを他のものに書き出すことができないんでしょうか？",4,0.8.3,0,0,2022-08-09T01:26:53-07:00,8960310634,jp
appstore,ぐい,プレヴューがきちんと機能しない,"全般的に本当に素晴らしいアプリで重宝しています。
しかし、プレヴューと書き出した動画の字幕位置が一致しないケースが多々あります。
画面いっぱいに字幕があるようなケースでは、プレヴューではきちんと収まっているのに、書き出した動画では画面外にはみ出したり、意図しない改行が発生します。書き出してみるまでわからないので、長尺の動画の結果にはガッカリさせられます。",4,0.8.3,0,0,2022-08-07T07:10:00-07:00,8954435340,jp
appstore,パーシーのわくわくランド,うひょーー,いやーこれはとても使いやすくていいアプリですます。とりまあーなるほどね,5,0.8.3,0,0,2022-07-05T05:25:15-07:00,8842808225,jp
appstore,ざーゆー,動画編集がすごく楽になって嬉しい,これまでも自分で素人なりに編集してきたけど、これはすごく編集しやすくて嬉しい,5,0.8.3,0,0,2022-05-16T17:26:49-07:00,8678440831,jp
appstore,jun.oキーパーソン,使いやすい‼️,"初めて使わせて頂きましたけど、
素人でも使いやすかったです。",5,0.8.3,0,0,2022-05-03T18:13:23-07:00,8634563480,jp
appstore,はなたむななやは,評価5にしておきます,"たまにバグを起こします！
私の場合はずーっと前からおかしいと思っていたんですが、携帯が恐らく壊れてるんだと思います。
毎回和訳がおかしいので。
評価は満点です💯",5,0.8.3,0,0,2022-04-30T09:23:43-07:00,8622593299,jp
appstore,アブホーセン,控えめに言って神アプリ,こんな高レベルの字幕AIアプリが、無料で使えるなんて最高すぎです！逆になんか裏があるんじゃないかと心配になるレベル…ないですよね？？,5,0.8.3,0,0,2022-04-15T19:44:58-07:00,8571985676,jp
appstore,動物大切に！,少し不満,韓国語の動画で字幕を韓国語→日本語に変換してほしくてこのアプリを入れましたが、日本語がおかしすぎて意味が全くわからないので困ってます。改善お願いします。,3,0.8.1,0,0,2022-03-20T01:51:13-07:00,8475517342,jp
appstore,Rabadi,iPadでの利用時,"文字起こしの精度も高く、有料レベルで使いやすいです。

PC版ではキーボードのカーソルキーで字幕編集エリアに移動出来るのですが、iPad版では何故か移動できなくて不便です。

iPadで編集時、SDカードから直接読めるようになれば、より使いやすくなると思いました。",4,0.8.1,0,0,2022-03-15T20:31:37-07:00,8460263518,jp
appstore,まっつー皇帝,使いやすい！,YouTubeの動画を作る時に最高に使いやすいです。字幕も自動で生成してくれて、余計な部分もカットしてくれます。,5,0.8.1,1,1,2022-02-10T01:30:13-07:00,8339347564,jp
appstore,ナチュルパルキオン,めちゃくちゃ使いやすい,"友人に教えてもらいました！

めっちゃ使いやすくて感動です😄

これなら僕でもショート動画を気軽に作れます。

ありがとうございます。",5,0.8.1,0,0,2022-01-31T20:53:55-07:00,8305709564,jp
appstore,ゆーいち本好き,フランス語対応お願いします,"iPhoneだとフランス語が使えません
フランス語は多くの人が使っている言語です
お願いします",5,0.8.1,0,1,2022-01-17T13:17:50-07:00,8252181429,jp
appstore,satoki_satkin,purosupia__17,素晴らしいです,5,0.8.1,0,0,2022-01-10T01:12:33-07:00,8224564128,jp
appstore,ゼンディ,ドイツ語の翻訳機能が欲しいです,"他の翻訳アプリは写真がほとんどで動画の翻訳ができないので、
このアプリはSNSの動画を翻訳ができるのがとても良いですね
だだ、ドイツ語の翻訳ができないのがとても残念です
ドイツ語の翻訳もできるようになってほしいです",3,0.8.1,0,0,2021-12-23T10:15:09-07:00,8161255995,jp
appstore,だーだーだー！,早い、便利、簡単,文字起こしにかかる時間も早く、操作も簡単でした。かなりの時短になること間違いなしです。,5,0.8.1,0,0,2021-12-11T05:20:55-07:00,8118560804,jp
appstore,ユー動画,はじめまして使ってみました。,意外とスムーズに簡単に編集できました。,5,0.8.1,0,0,2021-10-25T13:24:03-07:00,7953561536,jp
appstore,りよーうくんん,素晴らしい！,最高だね！,5,0.8.1,0,0,2021-10-24T04:12:03-07:00,7948567994,jp
appstore,バビモフィ,変な文字に変換されてしまう。,"私の滑舌が悪いのか何度やっても言ってない言葉で変な言葉に変換されてしまいます。
全く使えませんでした。",1,0.7.12,0,0,2021-10-06T20:53:53-07:00,7886634961,jp
appstore,あいぴょん初心者,One of best app for adding captions for different languages,"Best part of this app is we can add captions to different languages and app itself will translate it !! 
For example, if you use Japanese language in the video and you want to add English caption.

In this case, this app will automatically generate the Japanese by voice recognition and you can translate the Japanese captions to English!! 

Obviously there are some inaccurate translations but you can adjust very easily!! 

So helpful!! 

Thanks and biggest shoutout for the development team!!",5,0.7.12,3,8,2021-10-06T03:14:03-07:00,7883918781,jp
appstore,おうおういうおういうおうおうい,使えない,"一人で喋ってるとこでもほとんど認識されない
割とはっきり喋ってるとこも全然ダメ
動画指定するだけだし何も間違えてないはず
他の人の評価がいいので何かあるのかもしれないけど
とりあえず全く使い物にならないので
現状評価1",1,0.7.12,0,0,2021-09-23T20:22:14-07:00,7838685733,jp
appstore,あなゆ」らりやか,なんで,インポートして、もう一度戻って、動画を編集しようとしたら、字幕だけ残ってました。 再編集できなくなりました。,1,0.7.12,0,0,2021-09-18T05:19:56-07:00,7818763663,jp
appstore,Timtimtimtam,英語字幕時,非常に使い易く素晴らしいアプリですが、英語にするとy g jなどの縦長の文字が少し消えます。改善されたら嬉しいです。,3,0.7.12,0,0,2021-09-15T20:34:56-07:00,7810699243,jp
appstore,ろわーー,神アプリ！,"神です！
こういうのよくわからなかったんですが、すぐ使えるようになりましたし、全てが神です",5,0.7.12,0,0,2021-09-09T04:20:05-07:00,7787345323,jp
appstore,ymj0616,消したい,🤣←この絵文字の消し方がわからない。空白にしても出てくる。❔のところに来ると必ず表示されてしまう。,1,0.7.12,0,0,2021-09-04T00:38:44-07:00,7769129114,jp
appstore,るたやあさまのやおぞ？た,何度やっても画面が黄緑になります。,"対応いただいた者ですが記載されてるメールアドレスに送信してもメールが返ってきます。アドレスは間違ってないですか？
受信可能なメールアドレスを今一度記載して頂けますと幸いです。",1,0.7.11,0,0,2021-08-29T20:50:26-07:00,7750168324,jp
appstore,yakkoijfc,めっちゃ便利！,YouTubeの自動字幕より精度が高く、気に入っています。ただ、行選択が一行ずつしか出来ないので、長い動画だと面倒くさい。シフトで一気に複数行選択出来るようにして欲しいです。,5,0.7.11,0,0,2021-08-25T21:36:01-07:00,7735310593,jp
appstore,天才Tsuyoshi,音声無しカットと字幕精度が素晴らしい,"喋ってない所は直ぐにかなり早くカットでき、字幕の精度もほぼ完璧。

YouTubeの字幕と比べると比べ物にならない良さがある。

時短に繋がるのでYouTubeなどやっている人は必須アプリかと思います。",5,0.7.9,0,0,2021-08-18T04:11:25-07:00,7706611363,jp
appstore,ハナボボ,すごくいいです！おすすめ,動画編集などにあまり詳しくない私でも、迷わずできました！ありがたいアプリです。,5,0.7.9,0,0,2021-08-12T21:28:49-07:00,7686769936,jp
appstore,セブンイレブンいい気分セブンイレブンいい気分,サイコーーーーー！！,"字幕に時間かかっていたのが、あっという間に変換！！
サイコーーー
これは、有料版でも購入するクオリティー🌟
無料で、本当に感謝！！！",5,0.7.9,0,0,2021-08-08T04:10:01-07:00,7668759819,jp
appstore,ぬかおつくのゆ,YouTuberの方はオススメ,編集がむちゃくちゃ楽になった。これで無課金はヤバイ！オススメです！,5,0.7.9,0,0,2021-07-30T07:08:09-07:00,7635537416,jp
appstore,えかもねひねこてわ,音ズレとノイズ,"音ズレとノイズをなくしてほしいです
それ以外はとても良いです",4,0.7.7,0,0,2021-07-07T06:36:31-07:00,7549462010,jp
appstore,AhSan_senior,カンペキのペキ！,完璧ですっ！,5,0.7.7,0,0,2021-07-01T03:25:29-07:00,7526461486,jp
appstore,haraguchi_163,素晴らしい,文字起こしだけでもありがたいですが、さらに翻訳機能も付いたので抜群に役に立っております,5,0.7.7,0,0,2021-06-28T02:35:18-07:00,7514814096,jp
appstore,かしわせチャンネル,音ズレが気になる,"音がずれるのをアプリ内で修正できるようにして欲しいです
外は満足です",5,0.7.6,0,0,2021-06-09T20:05:03-07:00,7447055245,jp
appstore,yukimana2408,質問があります,"素晴らしいアプリなのですが、[?]の部分を一括で削除することは出来るのでしょうか。
置換機能で一括削除を試みましたが、検索に引っかからない状態です。
ご教授の程よろしくお願いします。",5,0.7.4,0,0,2021-05-27T15:34:25-07:00,7396026638,jp
appstore,wおもろい,不具合,エクスポートした動画の字幕が編集画面での字幕と異なり、2段に改行されている時がある。1本編集するたびに１回〜２回起こるので、エクスポートした後確認して直し、再度エクスポートするという、作業効率が結果悪い状況になっているので、早急に直して欲しい,1,0.7.4,0,0,2021-05-23T14:50:51-07:00,7379921463,jp
appstore,ふぁんきっしゅ,PC版もあるのが良い！,"字幕入れるだけに使用しているのですが
無料でこの操作性なら満足です
欲をいえば縦書きも対応されるとありがたいかな",5,0.7.3,0,0,2021-05-21T06:42:37-07:00,7370118095,jp
appstore,えいご学習者,最高の字幕付けアプリ,"最高のアプリです。英語→英語なのですが、それに日本語訳をつける機能が欲しいです。
PS
と思ってレビュー記入したら！翌日、アプリのチームからわざわざご回答頂きました。早いっ！
「英語を日本語に翻訳する機能は編集画面の左上にある【三】ボタンを押すと【字幕を翻訳する】機能があります！そちらの機能を利用すると英語を日本語に訳することができます。」
という事です。最高の中の最高！Best of the Bestです！

ありがとうございます😊",5,0.7.3,0,0,2021-05-18T23:53:27-07:00,7359473513,jp
appstore,さとうようへい,動画編集が楽しくなります,"こんな簡単に字幕が付くのは楽で嬉しいです
助かってます。、みなさんも是非損はないと思いますのでオススメします。
iPhoneやiPadで作った動画を同じアカウントであれば見られると嬉しいのですが、編集登録した端末のみでの視聴となるようなのでそこは残念でした。同じアカウントでログインしているので見れたら星5個でした😙",4,0.7.2,0,0,2021-04-21T20:47:48-07:00,7249515263,jp
appstore,右脳型,Youtube 動画の字幕付けに愛用,"かれこれ１年位、動画の字幕付けに愛用しています。
音声入りの動画をこのアプリにアップするだけで、字幕が入るので、誤った部分や、字幕を入れるタイミングの調整をすれば、字幕入りの動画に加工できるので気に入って、課金しています。

デベロッパーさんへ
最近(2021年４月現在)、アプリに動画をアップしたときに、字幕のタイミングが著しくズレているようで、以前ほどのスマートさが感じられないのですが、iOSアップデートへの同調が遅れているのでしょうか？",4,0.7.2,0,0,2021-04-15T22:49:37-07:00,7227387647,jp
appstore,dell Premium,会員登録の際に必要な認証メールが来ません,"(迷惑フォルダも確認しましたが見つかりません)
どう対処していけばいいでしょうか？
ちなみに使用メールはGmailです。",1,0.7.1,0,0,2021-04-06T07:15:57-07:00,7190547469,jp
appstore,有くん,めっちゃいい,いいアプリ提供して下さりありがとうございますw,5,0.7.0,0,0,2021-03-28T21:47:27-07:00,7157239218,jp
appstore,kometonuka,非常に満足,"すっごく使いやすい
説明なしでもサクサク行ける
その上かなり正確
数字には弱いようだ
さらに必要のないところを削除できて編集にも役立つ
文字の出るタイミングは、多分編集出来ない(私がわかってないだけの可能性もあるが)
スマホでのyoutube動画の字幕作成に使ってるが、センスの良いデザインも選択できる

気に入ってます。大感謝",5,0.6.6,0,0,2021-03-17T08:58:48-07:00,7113522024,jp
appstore,海老応援団 掃除係,とても良い,操作方法については、少し分かりにくい箇所(どこで分割や結合できるのかなど)あるが、慣れれば、かなり感覚的に使える。しかもこれが無料。パソコン版も使ったことがあるが、特に「アプリ版だからここが不便」というものはないです。ありがとうございます。,5,0.6.6,0,0,2021-03-07T06:03:39-07:00,7075965133,jp
appstore,よよよよよすけ,時短出来ます。,"ジェットカットが非常に優秀です。

字幕変換に関しては滑舌をしっかりゆっくり喋れば問題ありませんが、私は早口で滑舌も良くないので誤変換が3〜4割ほどあります。

YouTube動画の作成に重宝しています。",5,0.6.6,0,0,2021-03-06T17:06:25-07:00,7073867590,jp
appstore,カジーニ,無料なのにありがたい！,無料でここまで使えるとは神アプリです。最初は修正だらけだった音声認識ですが、どんどん進化して作業にさほど手間がかからなくなりました。字幕の位置や色、フォントも種類が豊富でありがたいです。,5,0.6.5,0,0,2021-02-27T19:06:41-07:00,7047195589,jp
appstore,まっくすめん,とても！,使いやすいです！,5,0.6.4,0,0,2021-02-11T15:30:05-07:00,6983100475,jp
appstore,コマの生物解説【YouTuber】,最高‼︎,いつもYouTubeの動画編集に使わせてもらっています。今まで手動で字幕を入力していたのですが、このアプリのおかげで字幕を入力するのが楽になり、動画編集にかける時間が少なくなって助かります,5,0.6.3,0,0,2021-02-08T05:01:17-07:00,6969339852,jp
appstore,紅金魚,音ズレと書き出し,"とても素晴らしいアプリです！！
このアプリと出会ってから動画の投稿頻度が爆上がりしました。
しかし、音ズレが気になります。
iPadで編集後、パソコンで修正するので良いのですがvrewで編集後アップ出来たらさらに便利です。

そして、ちょっと前までmov形式で書き出し出来ましたが何故かmp4形式でしか書き出せなくなりました。

またこれは要望ですが、音声入力された字幕とは別に字幕を新規に入れられると良いなと思いました。

自分の音声に対して文字でツッコミを入れるので…(笑)

とっても良いアプリなのでこちらを是非改善していただけたらと思います。
これからも応援しております！！",4,0.6.2,1,3,2021-01-30T06:12:09-07:00,6932414078,jp
appstore,めぐルドん,足りない,動画の編集は出来るけど写真の編集が出来ないのが残念　　　　　　写真の編集が出来るようにしてください！,5,0.6.1,0,0,2021-01-26T01:17:39-07:00,6914884814,jp
appstore,KKZZ77,エクスポート,機能は良いのですが、エクスポートした動画の色合いが凄い事になるのですが、何故でしょうか？,2,0.6.0,0,0,2021-01-16T05:41:00-07:00,6876713487,jp
appstore,ちづよ,感謝,このアプリを作ってくれたことに感謝しかありません本当にありがとうございます😊,5,0.5.11,0,0,2020-12-24T04:41:10-07:00,6788213877,jp
appstore,tazhen24,とても使いやすい！だからこそ・・・,"いつも動画編集で重宝させていただいています！UIがシンプルでとても使いやすいです！一つお願いなのですが中国語から日本語への自動翻訳機能を追加してくれると助かります！無料で使わせて持っている身分でわがままかもしれませんが、ご検討お願いします！
長文失礼しましたm(_ _)m",4,0.5.11,0,0,2020-12-23T02:52:48-07:00,6784314010,jp
appstore,ガラスのブルース,困ってます,"このアプリ使い勝手悪くはないんですけど何時間もかけて編集した後にエクスポートしたら文字の配列大きさが変わってることが多すぎます。
いい加減に治してください。",1,0.5.9,0,0,2020-12-06T00:22:18-07:00,6722820869,jp
appstore,しゅりしゅり！,使いやすい,"いいです。
使いやすいし最高！
効果音とかも入れてみたい",5,0.5.9,0,0,2020-12-04T16:00:06-07:00,6718016236,jp
appstore,(ᐡ⸝⸝o̴̶̷̤ ﻌ o̴̶̷̤⸝⸝ᐡ)ﾜﾝ,いいですが,翻訳であまり正しく読み取ってくれないので、もう少し性能を上げていただければ、もう感謝しかありません(｡ᵕᴗᵕ｡),4,0.5.8,0,0,2020-11-28T18:00:45-07:00,6697191365,jp
appstore,horrorだな,ゴミすぎて草,ア◯ルとか下品な言葉ばっかり翻訳されて草,1,0.5.8,0,0,2020-11-28T02:03:50-07:00,6694605505,jp
appstore,としとし06,ほとんど修正が必要,正直使えない。ただテロップをAdobeのプレミアで入れるよりは　手動で大幅に修正しながら入れられるので簡単,1,0.5.7,0,0,2020-11-20T10:02:35-07:00,6666983222,jp
appstore,ボーズヨガ,文字の色まで変えられる,"とても重宝してます。
文字の色が変えられるし、編集しやすいし、
これで無料なのが不思議なくらいです。

強いて挙げるなら、新しく動画編集をするのに一回一回アプリを終了させないといけないところが少し不便と言ったところでしょうか。
編集環境はiPad Proですが、私だけかもです。",4,0.5.6,0,0,2020-11-16T17:48:33-07:00,6653739753,jp
appstore,にあむニウム,終わらせ方が解らない,とりあえず作った動画の削除方法が解らすエクスポート先の動画と元動画を削除したからか、ホームをタップするとフリーズする。ユーザーの解説をいくつか見ても、終わらせ方が解らない。,1,0.5.6,0,0,2020-11-05T20:11:11-07:00,6613658300,jp
appstore,Y.Hideki,最高のアプリです！本当にすごいがひとつだけ。,一つお願いがあります！できれば下ネタ系の単語は非表示にしてもらえませんでしょうか。たまに読み込み間違いで「ち○この硬さが…」とか、ひどい単語のものに間違って変換されています(＞人＜;),5,0.5.6,0,0,2020-11-04T02:37:40-07:00,6607547697,jp
appstore,viridis!,オンライン授業で欠かせません,"授業がオンライン化され、教えている学生などに聴覚障害の学生もいるため、字幕が欠かせません。
ほかのアプリケーションより音声認識が正しく、後からの修正も楽なため手早く編集可能で重宝しています！

数字の音声認識後の変換が数字ではなく、音の読みになってしまうので(“13”といれたいのに”じゅうさん”となってしまう)そこだけが今後に期待の部分です。",5,0.5.5,0,0,2020-10-26T21:40:08-07:00,6578163959,jp
appstore,まいける5:50,かなりいいけど,縦書きがほしい,3,0.5.5,0,0,2020-10-25T02:50:33-07:00,6571965413,jp
appstore,もこらいおん,使い方が知りたいです。,しゃべり手が二人いる場合分けて文字を起こすことはできますか？,4,0.5.4,0,0,2020-10-14T06:31:38-07:00,6534228328,jp
appstore,Nody910,テキスト編集ができません,"アップデートしたらテキスト部分をタップしても編集できなくなってしまいました。
修正内容が見つかって、直したいのですが、反応せず、とても困っています。
同じ現象が起きている方、いらっしゃらないですか？
どう対処したら良いでしょうか？",5,0.5.2,0,0,2020-09-24T02:10:21-07:00,6462825566,jp
appstore,noronine,対応言語を是非増やしていただきたい！,"是非対応言語を増やしていただきたいです。
特に中国語！
お願いしますmm",5,0.5.1,0,0,2020-09-22T13:49:47-07:00,6457527029,jp
appstore,Maco0,編集中の動画が消えた,"アプリ側からもクレームして返事待ちです。
音声認識をして字幕修正中の動画が消えてしまって心底困っています。
会員登録が必要になって、登録前に作業していたものも消えてしまったことがあったが、それは当方の場合はもう過去のことで問題なかったので流してましたが。
会員情報まわりが非常に不安なのでお気をつけください。
何か対応があれば再度レビューします",1,0.5.1,0,0,2020-09-19T06:49:30-07:00,6445483594,jp
appstore,（爆笑）（＾∇＾）,うん,とてもありがたいアプリですが、あまり機能してないような気がします。韓国ドラマをこれで見てますが翻訳できてないことが多いです,3,0.4.8,0,0,2020-09-05T01:40:25-07:00,6397058343,jp
appstore,SAMadm,存在意義高し課題もあり,"カットしたつなぎ目のところでブチッと異音が頻繁に発生します

改善に期待しています",2,0.4.8,0,0,2020-08-28T18:41:14-07:00,6372186689,jp
appstore,戦ん,アップデートにより？,"mp3でのエクスポートが無くなったからなのかvrewで、字幕を付けた動画をiPhoneに、エクスポートすると、テロップが最初のまま動きません。

非常に、助かっていただけにどうしたら良いか分からず書き込みました。
iPhone xsで使用してます。こちらの操作で改善できるなら情報願います。",4,0.4.6,0,0,2020-08-12T15:21:58-07:00,6312046307,jp
appstore,sumway18,とてもいいですが一点だけ！,"凄く凄く使いやすくて、字幕編集に使用しているのですが、複数のテキストを入力できるようにして欲しいです。
それができれば本当に文句なしです！",4,0.4.6,0,0,2020-08-05T20:02:11-07:00,6285197950,jp
appstore,やった1234567890,字幕つける精度はいいんだけど・・・,字幕つけるのはとってもいいと思います。いつもの半分以下の時間でできます！それはいいんですけど、保存しようとしても保存できないし、LINEにも送れません。一緒にYouTubeやってる仲間に送れなくて今困っています。どうしたらいいでしょうか。,3,0.4.6,0,0,2020-08-04T06:07:17-07:00,6278893346,jp
appstore,Stephan777,Lumafusionへの書き出しを！,"画期的なアプリですね。
編集アプリへの書き出しをお願いしまーす！",4,0.4.0,0,0,2020-06-08T06:55:35-07:00,6050906210,jp
appstore,s t a r s,質問です。,"アプリにはいっている無料の音楽を入れてYouTubeにアップしても著作権的に
大丈夫ですか？",5,0.4.0,0,0,2020-06-08T04:40:49-07:00,6050458195,jp
appstore,ポニーイチさん,とても良いです,"こんなアプリ探していました
1つこうして欲しいものがあります。本当はあるのか分かりませんが変換した語句を違う語句に言い換える必要があった場合、全て探して変換しないといけないので最初に変換したら全てに反映する一括変換する機能があると更に良いです。でも今までの手間を考えれば神アプリです。",5,0.4.0,0,0,2020-06-06T05:52:47-07:00,6042583931,jp
appstore,qうぇrちゅいおおpっlkっjhgっfdさsっxbm,は？,神じゃん,5,0.3.7,0,0,2020-05-31T03:49:03-07:00,6017295608,jp
appstore,.｡.:*･゜,感動,"カット編集のために使ってみましたが、めちゃくちゃ便利で感動しました！
無音だけでなく任意の語句も一括消去できたらもっと助かります！",5,0.3.6,0,0,2020-05-20T01:39:16-07:00,5969331192,jp
appstore,こたつ,Magic Keyboad for iPadへの対応希望,"Vrewの字幕と動画編集のアプローチは文句なく素晴らしい出来だと思います。性能については申し分なく、macOS上でどんどん編集などして使い慣れていってます。

そこで、iPad版でも便利に使いたいと思ったのですが、macのキーボードショートカットに慣れたため、どうしてもタッチ操作だけだと違和感が大きくなってきました。

Macgic Keyboad for iPadも登場し、iPadもトラックパッドが使えるようになりましたので、ぜひそちらに対応してもらえたら、さらにVrewの活躍する場面が増えると思います。

よろしくお願いします。",4,0.3.5,0,0,2020-05-19T06:39:17-07:00,5965771348,jp
appstore,ゆたん(・∀・),最高！,"本当に助かっております！
ひとつ可能ならお願いしたいのですが
BGMの音量をコマごとに変えることができるようになるとうれしいです！
タイトル画像の時は上げて、動画に入ったら下げるっていう風にしたいのでご検討くださいませ。",5,0.3.3,0,0,2020-05-05T19:03:33-07:00,5908303958,jp
appstore,けいけい1000,凄すぎる,"なぜ無料で提供されているのかが分からないくらいすごい。
アプリも落ちない。
日本語翻訳もほぼ完璧。
感謝感激雨嵐。

製作者さん本当にありがとうございます。",5,0.3.3,0,0,2020-05-05T08:46:15-07:00,5906471832,jp
appstore,あかさたな700,すごくいいです,"精度の高い字幕、そして空白の部分を自動カットしてくれる、有能なアプリ！
これを望んでいたと言っても過言ではない
あとは手動でカットできる機能も欲しかったですね。
Android版も出してほしいですね^_^
よろしくお願いします🤲",4,0.3.3,0,0,2020-05-04T20:30:31-07:00,5904327266,jp
appstore,gGSX-R1000,エグい,最近のアプリは恐ろしく凄い･･･,5,0.3.3,0,0,2020-04-30T01:04:22-07:00,5882878935,jp
appstore,taksjapan,便利！,ものすごく便利です！ただエキスポートするとファイルサイズが小さくなって4kから720に変わりました。,4,0.3.1,0,0,2020-04-10T08:19:53-07:00,5791544128,jp
appstore,milkshake0v0,重宝してます,"日本語のラジオの文字起こしに使用しています。文字起こしに関しては少し修正するだけでいいので重宝しています。二人以上が同時に喋っていると、どうしてもぐちゃぐちゃにはなってしまいますが...

フォントも文字の装飾パターンも豊富で（装飾方法の保存もできる）、字幕の位置も自由に変えられて。二つ以上の動画を読み込んだままにしておけるのも良いです！

ただ、デスクトップ版にあるような字幕のタイミングの細かな変更ができないので、字幕が不自然なタイミングになってしまうことがあります。デスクトップ版と同じようにタイミングを修正できる機能をつけていただけたら嬉しいです！（反対にデスクトップ版は文字の装飾や位置に制限があるのでアプリの方がまだ使い勝手が良いです）",4,0.2.3,3,5,2020-03-31T10:32:06-07:00,5741924776,jp
appstore,暇つぶしには最適,エクスポートできない,"先日は第二世代のiPad proですぐエクスポート出来たんですが、本日iPhone11でエクスポートがかれこれ2時間は出来ません。
9分弱、テロップなしです。iPhone11では出来ないのでしょうか。",2,0.2.3,1,1,2020-03-25T22:12:28-07:00,5714498695,jp
appstore,Bomber-Mikuni,動画だけではなく音声データの対応もぜひ！,"半信半疑で使ってみましたが、これだけの読取解析が出来るのかと驚かされました。
最近になって動画作成に多くの時間をかける事が増えてきましたが、字幕作成の苦労に悩む事が多く苦慮していました。
このAPPを活用すれば7割位の文字は自動化されるので、労力はかなり減らせると実感しました。
可能であれば音声データにも対応して欲しい事と、外部ストレージサービスなどからのインポートに対応出来たら有難く思います。",5,0.2.1,0,0,2020-03-09T05:17:47-07:00,5636937282,jp
appstore,あさかg@,とてもいい,"すごく使えるけど、いくつかの点で不満がある。
一つは、笑い声のところで絵文字が出てくること。これ→🤣
字幕つけるとこに絵文字で表現することがあるのかな？と思わされる。精々インスタのようなSNSくらい？
二つ目は、字幕の切り方。言葉をいくつかのまとまりにして字幕を生成してくれるのだが、まとまりが大きすぎて画面に字が大量にあるということが起きる。その間最初の方の字幕が消えることがないのでやたらと冗長になる。自分で字幕のまとまりを決められるようにしたい。
三つ目は、字幕の出方がひとつだと言うこと。いくつか演出があったらいいと思う。
まだまだ使い始めたばかりなので、もしかしたら既に機能が備わってるかもしれませんが、製品の向上に役立てたらいいと思います。無料だし、わがまま言い過ぎな気もしますが…笑",4,0.2.0,2,4,2020-03-04T05:19:29-07:00,5615120490,jp
appstore,jac20010893,すごい便利！,"動画の音声の文字起こしをしてくれる。驚くのは精度と、動画とのタイミング。
普段撮ったファミリー動画も、これでテロップ入るだけで全然違う。
精度は完璧とは言えないが、かなり高い精度だと思う。AIを一番身近に感じた瞬間でした。
テロップの結合や分離も簡単だし、これがあればYoutubeの原稿書きも楽チンだし、そのまま動画アップも出来ますね。
最高のアプリです。",4,0.2.0,2,2,2020-03-02T07:19:31-07:00,5606718079,jp
appstore,totototoooooo,素晴らしい！けれど、ひとつだけトラブル,"精度もタイミングもほぼほぼ問題なく、これを自動でやってくれるのは驚異的です。
が、最終的に出来上がった動画をチェックすると、微妙な音ズレ(映像より音声が遅くなる)が発生してしまいます。大幅なズレではないですが、少し違和感があります。アプリ内で修正できるようになったら嬉しいのですが…(ipad版で8分ほどの動画です)",5,0.0.13,0,0,2020-01-18T01:57:47-07:00,5418271926,jp
appstore,あをがぁひたら,最高,神,5,0.0.12,0,0,2020-01-09T09:57:57-07:00,5381737495,jp
appstore,ぴのりおん,AIで音声認識してテロップつけられる機能最高☆,"自分のしたいレベルの動画は、読み込んだ時点でテロップつきで7割完成してくれたため、仕事がめちゃ楽になりました。
このアプリが広まるまでは、周りの人から仕事が早い人に見られるかもしれない。
誤った聞き取りや、漢字の修正も簡単に出来るため、とても便利です。
こういうアプリを待ってました、作ってくれてありがとう◎",5,0.0.7,0,0,2019-11-23T00:55:39-07:00,5185518958,jp
appstore,ブヒランチョ,もう少し。,"話した内容を字幕にしてくれるのだが、他の音声入力アプリと違う点は、動画としっかりタイミングを合わせてくれること。これは大変素晴らしい機能で、従来動画編集ソフトでやるところをほぼ自動でやれてしまう。
精度はこれからも学習が続いていくだろうから、期待したい。
内容が間違っていても画面を見ながら簡単に編集できるのも良い。
運営会社の改善して良いものを作ろうとする姿勢も好感がもてるので応援したい。（ウェブ版もあるようです。）",5,0.0.2,0,0,2019-10-17T22:12:50-07:00,4963793358,jp
