reviewId,author,userImage,content,rating,thumbsUpCount,reviewCreatedVersion,at,replyContent,repliedAt,appVersion,platform,lang,country
72fad376-cd57-4474-9544-dd2e74094310,김bboya,https://play-lh.googleusercontent.com/a-/ALV-UjXLQYv3qt6FiXhHQiIQC96dVtU9Z1Vydob-IJGdpmqLJMUWBoIO,app앱에서는 되는 기능이 1도 없어요. 왜 만든거에요?,1,0,0.2.6,2025-11-22 09:40:25,,,0.2.6,googleplay,ko,kr
5178b991-26fc-488f-9d6a-b91d9c6cb84d,신철기,https://play-lh.googleusercontent.com/a-/ALV-UjUHZ2sqZZBUYgSXQ9zh-ubUVFI1iRp0yp4DmscnpeoCHAI-caQ,"처음 경험하는 Vrew, 생소하고 긴장이 됩니다. 열심히 배워 잘 활용하도록 하겠습니다. 감사합니다.",5,0,0.2.6,2025-11-12 21:10:11,,,0.2.6,googleplay,ko,kr
32af2021-4b3b-486e-83d0-64af7daa7264,서유진,https://play-lh.googleusercontent.com/a-/ALV-UjVEdFKrNbuwZk_QO5mHWlInxSMaacUtOmazgkf9bvPcMEe9LBfW,아무것도 안돼는데요?,1,0,0.2.6,2025-10-30 22:28:59,,,0.2.6,googleplay,ko,kr
f42816ae-ad77-4aca-83a1-3c82e7a31314,남강율구,https://play-lh.googleusercontent.com/a/ACg8ocJLCX8VmtcxuO1Inx1mKQHvN9w-nN9ni2PWQKHfwTpDqbLCpg=mo,앱에서는 할수있논갯도 없고 전부 pc에서 하라는데 앱은 뭐하러 만든거야 어이가 없녜,1,15,0.2.6,2025-10-26 20:01:29,,,0.2.6,googleplay,ko,kr
5b667c15-f879-4371-8f8d-6172d84fea87,연하,https://play-lh.googleusercontent.com/a/ACg8ocLSvMss4W9vMyLW3WQndnZwyTQ8sZeQ6Upide8c2ULefedKSXQ=mo,완전 좋아요,5,0,0.2.6,2025-10-19 10:50:57,,,0.2.6,googleplay,ko,kr
6d452d80-302b-4cd9-a979-7c6712d00305,소주섭,https://play-lh.googleusercontent.com/a-/ALV-UjXF6NVUkXinWp3GSwxbIjJRVqFVBv_S2Z1VTlHoJL8Ooa911u-Q,갤럭시텝으로 사용하고 싶은데 pc버전은 안되나요?,5,0,,2025-10-17 21:19:49,,,,googleplay,ko,kr
78cff1cf-adda-4ab0-8b82-ce5ffeff7bc8,두더지페인트,https://play-lh.googleusercontent.com/a-/ALV-UjWRRmmvvw_kpYDi4mtzYbyhPAReGbcRcZS4ZFCJlPUX0lcEMA,태블릿은 영상 두개를 합쳐서 쓸수가 없네요,3,0,,2025-10-10 20:04:34,,,,googleplay,ko,kr
a9c2e31d-9285-4a12-abed-bcef345caabf,hong jihye,https://play-lh.googleusercontent.com/a/ACg8ocJG15HrwKGfXCXKHDlIhdyRe0QD-GMTvaRGl3fJgWIps-ONVA=mo,내보내기 안됨 오류 어떻게 하나요? 유료결제해서 사용잘하고있다가 지난주부터 영상내보내기 안되서 아예 사용못하고있어요. 작업시간만 많이들였는데 마지막에 내보내기 안되고 다시 해도 안되고 그래요. 방법좀 알려주세요,3,3,0.2.6,2025-10-10 11:42:37,,,0.2.6,googleplay,ko,kr
7cc49e6c-3a72-4eb8-a648-294bbd9ce80a,인생살기,https://play-lh.googleusercontent.com/a/ACg8ocKgO86cq9rWnOy7pmNUP8iFkma6WyaM6vxQkHxlg-HMUFTWhH8=mo,힌디어자막 만들기도 지원해주세요/유튜브 주소링크 영상으로 자막 생성할수있게 업데이트와 수정해주세요,4,0,0.2.6,2025-10-05 20:04:21,,,0.2.6,googleplay,ko,kr
0f362972-5f2b-43a2-b3eb-cf113d088c77,이걸몰라?,https://play-lh.googleusercontent.com/a-/ALV-UjXLdjdHigP7ZNNi4OUXdKYAa2TsSW-j_sHGhB0nWaFLD4MuNrfR,유료결제했는데 전부다 pc버전에서 쓰라고하면 어플에서 되는건 뭔가요?,1,0,0.2.6,2025-10-05 11:35:05,,,0.2.6,googleplay,ko,kr
532424d6-c2ef-40cd-a9d4-fed5deab7c86,HOLY GENERATION WORSHIP홀젠워십,https://play-lh.googleusercontent.com/a-/ALV-UjUM-rKhQVxxzLiSy3zT9ZxWsJLsVvZiE3Kn0zZqBQkTycui3Ms,글씨체 어떻게 바꿔요?? 아이폰에서 안드로이드로ㅜ바꿨는데... 왜 글씨체가 안바뀔까요??? 왜 없을까요 돈 쓰라면 쓸께요 ㅠㅠ,5,0,0.2.6,2025-10-03 01:37:53,,,0.2.6,googleplay,ko,kr
8feebf9f-c690-4dc8-ac04-77803e9496cd,오병인,https://play-lh.googleusercontent.com/a/ACg8ocLSk_mjlAjvYL6CMXoX95hVuSZpWF700aL6VHvcAO2_7sBrnQ=mo,멋진 영상 만들어 볼께요 감사합니다,5,0,0.2.6,2025-10-02 13:54:35,,,0.2.6,googleplay,ko,kr
5bb2dfde-548c-4dbd-9f42-f021d8660516,이경아,https://play-lh.googleusercontent.com/a-/ALV-UjUf_zM8RLO87Y_s9XkwSyF5nlovyTByY_W26eT9t9AGB3ngIQ1R,자막 개별 색상 변경은 어떻게하나요? 하나씩 선택해서 눌러봐도 모든자막전체 색상이 다 변해버려요,4,4,0.2.6,2025-09-29 16:17:23,,,0.2.6,googleplay,ko,kr
5f966d79-d7d5-4c92-adbe-a37f7996522d,최바울,https://play-lh.googleusercontent.com/a/ACg8ocJIKMBY8kkVX6apJGDkKWvzEqHsp8soNwo9-KbcJJKOIduSFl8=mo,좋아요,5,0,0.2.6,2025-09-14 11:07:41,,,0.2.6,googleplay,ko,kr
126663a2-3a60-44af-a8fb-46dfe6ce1f4a,LEEMake Storybook,https://play-lh.googleusercontent.com/a/ACg8ocJJmiJtl2VNafIHhqzudUPKMxT7MRQk8k3dCRXUkfzXP-jYSw=mo,저장하면 영상이 깨집니다. 개선이 되었으면 좋겠네요.,3,0,0.2.5,2025-09-03 07:33:07,,,0.2.5,googleplay,ko,kr
30510dee-3063-44d7-aaf4-963a434d2502,김시현,https://play-lh.googleusercontent.com/a/ACg8ocIy6sulb7G6yUbvcjMic1taMTZ_lxKgKzUw7YmD1mz1ybWQ=mo,완전 제가 찾던 앱 그자체ㅠㅠ 넘 좋아요,5,0,0.2.5,2025-09-02 01:28:07,,,0.2.5,googleplay,ko,kr
cb3201f5-412c-4f5b-806e-68017c58dbc5,이장원,https://play-lh.googleusercontent.com/a/ACg8ocKPbNDPokRolFNseBikmD0uQdrT5N89tIc7LhoYIa5tBbDEfw=mo,편집이랑 자막도 잘 되는데 스티커랑 노래를 못 넣는게 단점이라고 보시면 되겠습니다.,4,0,0.2.5,2025-08-28 21:49:36,,,0.2.5,googleplay,ko,kr
a87da043-f1a8-4688-8757-9d3cf63eb1c9,박영주,https://play-lh.googleusercontent.com/a-/ALV-UjXlRCpPN-SB1r0HGAJtm6RcCXB0qBomnAePuYfXVmVNlWpuwSVU,아주 유용하게 잘 쓰고 있습니다,5,0,0.2.5,2025-08-22 00:32:04,,,0.2.5,googleplay,ko,kr
b51f5b09-69b1-40a8-8321-ed7bec43e2e1,장좌수,https://play-lh.googleusercontent.com/a-/ALV-UjUHfvayGkHuS-X3yJpIjRTAR-IeKxfuQNEHEy1fr9crxOaI-s7y,잘 사용,5,0,,2025-08-16 11:21:48,,,,googleplay,ko,kr
62a203ed-5043-4eda-b35c-0a9b79f657a5,삐샤오,https://play-lh.googleusercontent.com/a-/ALV-UjV7ouV82ETM-lVJgUolXKm3K_xO3hysKgs157QZ5ZlNLNcfsTKy,다좋은데 모바일로는 할수있는게 없음,2,1,0.2.5,2025-08-15 14:22:54,,,0.2.5,googleplay,ko,kr
b554bf90-47d7-49fa-a9d9-040f02b87837,Jayden Lee,https://play-lh.googleusercontent.com/a/ACg8ocIX9w8dY_NqxhcJnuklAzwhpRnzoL9b9SUIeMeIB2Kg5StBWA=mo,쓰기 편해서 진짜 좋네요. 초보분들 이걸로 편집 시작하시면 좋을 듯,5,3,,2025-08-12 11:40:15,,,,googleplay,ko,kr
777875d5-6617-4032-aa75-a5d2dde0ce23,신혜정,https://play-lh.googleusercontent.com/a-/ALV-UjWjZhZnx41w-LcsWocjR_ynx0s9yc6Xa09MXBX4YQfrPIEb0mVx,AI이미지 다운로드 할시 자꾸 기형사람 사진이 자주 생성되요 사람 손가락이 6개 이런 기형사람 이미지가 생성됩니다. 이거문제좀 해결해 주세요.,4,7,0.2.5,2025-08-04 14:46:08,,,0.2.5,googleplay,ko,kr
a1e88eef-f52e-45b4-b612-06981f97a0c5,성운,https://play-lh.googleusercontent.com/a-/ALV-UjUAJSfWV77-TjtXh7mhYziFRYughNZS1SGUlaj_H8L4iw-sy0qL,유료 연간 구독자입니다. 다 좋습니다~ 다루기에 직관적이고 쉽습니다. 그런데 음성이랑 생성된 자막이 불일치할 때가 적지 않습니다. 이 부분 때문에 일일이 자막과 소리가 일치하는지 다 들어보면서 확인한 후 편집해야 하는 번거로움이 있습니다. 이 부분 개선해주시면 감사하겠습니다. 개선 확인되면 이 리뷰는 바로 삭제하거나 수정하겠습니다.,5,41,0.2.5,2025-08-01 12:03:13,,,0.2.5,googleplay,ko,kr
0956edd6-4357-4ef3-9d8b-dcf15d859421,Eric Yun,https://play-lh.googleusercontent.com/a-/ALV-UjW8gp47qEZmQwQgIPDhWUi6CosJWqvio9hJXLYV0sEVtpy9sJJf,긴 영상 편집 다 했는데 자막 밀리고 영상 밀리고 엉망임.,2,3,0.2.5,2025-07-29 14:02:49,,,0.2.5,googleplay,ko,kr
0dbd9cb7-b92b-48ee-865f-eba61b35d3a1,에일,https://play-lh.googleusercontent.com/a/ACg8ocL2qysEFFqSFHQXm39i3i_uPKmfnIZdC1JlAG0H96OUJ7jMNQ=mo,영상브루로편집하고나면 음성과영상이 불일치하듯이 살짝늘밀립니다...ㅜ.ㅜ 브루를자막으로안쓰고 원본에 자막이있는영상을 무음부분제거용으로쓰는데 브루로인코딩하고나면 처음엔 안밀리다가 중간부분부터 한 0.5초?정도자막이 밀리는증상이심합니다 늘 그래요,2,15,,2025-07-19 07:09:07,,,,googleplay,ko,kr
2a441e83-c398-4b3a-be47-167d81251223,· Korea culture,https://play-lh.googleusercontent.com/a-/ALV-UjUxj13sgzMFgf4Pc8ZD3wNGC2ogQ01SVkMbhBv2QHTlhvWKXC0g,전화를 많이 시도 했는데 절대 전화를 안받아서 짜증남,1,2,0.2.3,2025-07-14 13:03:09,,,0.2.3,googleplay,ko,kr
dcae1cfd-164e-4cb0-8a09-8f69f1c3aa09,박수현 양복,https://play-lh.googleusercontent.com/a-/ALV-UjWh0qxe2qxIci8l-m4dg7udZ8WKn46X61QPaFVYZr3KYAUbG5hT,바탕화면의바로가기만들기,5,0,0.2.5,2025-07-14 11:33:57,,,0.2.5,googleplay,ko,kr
5fcd4b3d-19ab-4428-9f7e-1e7f19a7acdd,k맨투,https://play-lh.googleusercontent.com/a-/ALV-UjV--jjJcMlj8rcVbB_C_5i030UQHFHzjdM2DyOsoNOr-qEMrM0,내보내기가 안돼요,1,4,0.2.5,2025-07-11 08:35:05,,,0.2.5,googleplay,ko,kr
b53efd05-2fd4-424d-a5b6-bb8251926c68,버드리,https://play-lh.googleusercontent.com/a-/ALV-UjWggg2p3ItsNKgaTpq2pJVKx7gZB1YX51AXNMEhNhfdHvF-oolciA,목소리가 슬로우모드에 음성변조가되버려요,1,0,0.2.5,2025-07-10 12:27:23,,,0.2.5,googleplay,ko,kr
277c4638-ec6b-446f-b100-2ad601a4f6d1,이형순,https://play-lh.googleusercontent.com/a/ACg8ocLI5RK2T9mrtGag3uZ9vvQmwAS2Sxx_ob8sM0vZ1x7H-T_c2w=mo,아니..초라고 말했는데..왜 호흡이라고 다오죠?그리고 글씨 색깔은 어떡에 봐꿔요?좋은 점는 초라고 말했는데 호흡이라고 나왔다고 했잖아요.호흡을 초로 글씨로 봐꿔도 됬서 3점 드려게요!,3,4,0.2.5,2025-06-26 21:13:01,,,0.2.5,googleplay,ko,kr
a3ddd425-0935-403a-9ebe-7de8be6c0bef,박상미,https://play-lh.googleusercontent.com/a/ACg8ocKQYcCv7c9KVXF3d8tsW_LFi5c6FutN9gD_AX55AqLoqispoQ=mo,힘들게 편집다하고 내보내기 누르면 영상 끊기고 자막밀려서 쓸수가 없어요,1,14,0.2.5,2025-06-23 14:15:08,,,0.2.5,googleplay,ko,kr
49a41ab4-a992-4eac-b1a4-c9d14b50dcf6,육수김통장,https://play-lh.googleusercontent.com/a-/ALV-UjUxlOSmyvCikUYsSYYi1LiQeeZ-Dv1T9bwJdyXvxqKDrnKOq_IC,한번도 사용을 하지않았습니다 ai추천으로,4,0,0.2.5,2025-06-19 08:29:42,,,0.2.5,googleplay,ko,kr
5c9f7293-1c1f-4ad0-bde9-ffb3f030fc81,천호걸,https://play-lh.googleusercontent.com/a/ACg8ocLOemfgXb2GdZ2Ti6jXkTK7Rhw4I8LG-Ll7OoaMnkzPVrbvag=mo,너무 좋은 앱을 만들어주셔서 감사합니다. 잘 사용하고 있습니다.,5,1,0.2.5,2025-06-18 21:52:53,,,0.2.5,googleplay,ko,kr
a54d670c-658d-4611-bfee-738ef1db8112,김부식,https://play-lh.googleusercontent.com/a/ACg8ocIdjUzrtryqlEgD5wwn8ofV3URqDapCIqHqrhPs-XAivb_8rw=mo,편리하게 사용하고 있어요,4,1,0.2.5,2025-06-12 11:03:44,,,0.2.5,googleplay,ko,kr
a6361c00-f00c-41aa-88fd-d202495228fc,최수연,https://play-lh.googleusercontent.com/a/ACg8ocKht3UE5MktRGKYsUfJBvWAEcgFNwflzWDrfTojlDd8cIlKYPE=mo,유용하게 사용하고 있습니다! 다만 태블릿으로 주로 영상 제작을 하다 보니 가로모드가 지원되지 않는 것이 조금 아쉽습니다만 추후에 기능이 추가될 예정이 있으신지요?,5,10,0.2.5,2025-06-09 16:04:36,,,0.2.5,googleplay,ko,kr
0e7c77a6-39b9-468c-99aa-ae1c1c3156d0,꾸빵,https://play-lh.googleusercontent.com/a-/ALV-UjXegv1QuhDc6SrcBoZ5oi9w5SjBmso2mAddwtlcZ14-UdIcnPx6,자막용으로 잘 사용하고 있는 편집기입니다 다만 영상의 비율이 강제로 달라지는 건 해결할 방법이 없나요?,5,2,0.2.5,2025-06-03 06:00:50,,,0.2.5,googleplay,ko,kr
89af8fee-f1fa-43dd-bbeb-9ae44878b051,림e RIM,https://play-lh.googleusercontent.com/a-/ALV-UjU9zFOIaTS6hN2c2svDuSk7r6JzlwOEgMaCssx7xYwRSLSgey-o,핸드폰으로 사용불가,1,1,,2025-05-30 21:07:24,,,,googleplay,ko,kr
6fb97ff7-e9be-4ba5-940a-8929ebbd4929,재시켜알바,https://play-lh.googleusercontent.com/a-/ALV-UjWtBv3SB94kVyvHL0v2SaYXF-F3qgVTnym6MKakTg_Vdg8GfGym,모바일 은 안됨 pc만 되네,1,3,0.2.5,2025-05-26 01:36:26,,,0.2.5,googleplay,ko,kr
1d241a4e-f946-47e3-a3d4-57f7c0155686,jiwon,https://play-lh.googleusercontent.com/a-/ALV-UjX09rJf-72qPy2VJxhwZeIqam8eXWNz7iESZx5qfTn5JIPxqFj6,영상 편집이 쉽고 좋아요. 무료이라서 쉽게 접근할 수 있고요. 앞으로 잘 써 보려고 합니다. 아직 많이 사용해보지는 않았지만 많은 유튜버님 들이 좋다고 합니다.,5,1,0.2.5,2025-05-06 07:05:44,,,0.2.5,googleplay,ko,kr
3754259c-b64a-43c6-a900-d8806c4b07c9,카이스19,https://play-lh.googleusercontent.com/a/ACg8ocInZJXth9ZDpfrjoabDkLhoQZNWQGDSAFwQq3IdQMvUUv8SVw=mo,모바일도 Ai 영상편집 가능하게 해주세요 빨리요,3,0,,2025-04-28 12:09:59,,,,googleplay,ko,kr
c69d31f6-7434-4df3-960f-45aff8471c58,아리랑,https://play-lh.googleusercontent.com/a-/ALV-UjU9qu5COucCirFjEFsq9pxndnFft7zoH4F3UuEm7E3_pfxn7_eX,정보 확인,4,0,0.2.5,2025-04-25 19:10:38,,,0.2.5,googleplay,ko,kr
6917da6f-2413-4d3c-a756-5e4e92e9e9e7,G Samuer,https://play-lh.googleusercontent.com/a/ACg8ocLyzvc1FXYsCyu-jVq3G3-irlcsx3V18P4re1o73Gy2c2shEw=mo,"이거 그냥 광고앱임. 영상제작.편집기능없음 앱클릭하면 PC에서만 제작 가능하다며, 홈페이지 방문하라고만 나옴",1,24,0.2.5,2025-04-23 10:54:05,,,0.2.5,googleplay,ko,kr
23fe2498-7012-45e4-ad2f-56f2bee15322,현혜선,https://play-lh.googleusercontent.com/a/ACg8ocIu8tqkwCx7JLjjpKAKv6ozFazUu6rSeAPqTy5ThD7tBQ81LQ=mo,자막이 동영상 화면 마다 들어오지 않고 한꺼번에 들어오고요. 책까지 사봤는데 어렵네요.,2,3,0.2.5,2025-04-22 22:26:02,,,0.2.5,googleplay,ko,kr
4570ff43-cdd2-40d8-8997-dcd9e5a9fc16,저스트두일,https://play-lh.googleusercontent.com/a/ACg8ocJHNWDJI-8_cbWl7lmSIjKVf88b3a42XgA9_XH0whJuSnyEfA=mo,유료 구독자 입니다. 앱에서 로그인은 어떻게 하는걸까요?,5,0,0.2.5,2025-04-18 17:54:42,,,0.2.5,googleplay,ko,kr
56b594c0-c2c4-4f34-9e03-066b6007d86f,김달구름,https://play-lh.googleusercontent.com/a/ACg8ocIzo5xXiXB1q3RWNsnG5ACwgPPTtAxweRqITmPnwhZ7VD30fg=mo,핸드폰으로 실행했는데 자동 자막이 엉뚱하게 나옵니다. 아직 완성도가 많이 떨어지는 것 같네요.,3,5,0.2.5,2025-04-17 00:20:27,,,0.2.5,googleplay,ko,kr
cd267c41-7df7-4461-b122-47cd7d64f5b0,윤준영,https://play-lh.googleusercontent.com/a/ACg8ocLFJueiBLdyZPHP2omD_k055gXDJ_eAmKM-9HhMwWXoJE_OMg=mo,pc로는 정말 감사하게 사용하고 있습니다만. 모바일에서는 원래작동을 안하는건가요?,5,1,0.2.5,2025-04-08 17:28:08,,,0.2.5,googleplay,ko,kr
c34b70e5-edec-4627-ad74-ddfa8dff3eb7,뮤링,https://play-lh.googleusercontent.com/a-/ALV-UjXYNYV5K4yo3NUfSu_BUNQU10joEz5DPIwyUe6RIJ5zASToLBPg,자막이 정확한 편입니다 다좋은데 저장하고보니 자막이 밀렸네요...,4,20,0.2.5,2025-03-21 03:21:00,,,0.2.5,googleplay,ko,kr
63d582ba-460b-4989-8df5-955f024806ec,기여쮸(shorterm tourist),https://play-lh.googleusercontent.com/a-/ALV-UjVhvXO1cV7nCJcLeo1tqus12J4DxgKcFkEzeNxSSFvUwitKV93O,이런 아무것도 안되는 앱은 왜올리는걸까 기능없고 단순홍보용이라고 써두던지..,1,3,,2025-03-17 18:25:56,,,,googleplay,ko,kr
f2f3fab1-627a-42fc-a855-51c2f995865d,김진경,https://play-lh.googleusercontent.com/a-/ALV-UjXLfRHH_3xCq-k49sTx3NdpENhbPumtpHPH9sn65VusQ9-4lU8,편집에 유용합니다,5,0,0.2.5,2025-03-15 20:00:47,,,0.2.5,googleplay,ko,kr
01c4cef3-2233-44f4-b85b-8ca71b9d8e28,부자정원사,https://play-lh.googleusercontent.com/a-/ALV-UjWADJrcCr19a6_uKmSNxoVlB7QmVl4u7JuePNSYkr_JF615cyw,자동 동영상편집이라니 신기합니다.,5,0,0.2.5,2025-03-13 11:02:23,,,0.2.5,googleplay,ko,kr
d0a48a29-9072-4a65-b0c3-ca625905c679,이주연,https://play-lh.googleusercontent.com/a/ACg8ocK50GdQ-_zYeB9tngzN3PWhEOZb3n6ES3YJA8clj7iZYxv1sQ=mo,"이해가 안 되는게, ai사진, ai목소리와 같은 기능을 컴퓨터에서만 쓸 수 있도록 했으면 갖다놓지 않는게 맞는데, 세 프로젝트를 누르니 이 기능이 떠서 봤더니 PC에서만 쓸 수 있다 하면 이용자는 많이 당황할겁니다, 이 기능들 빨리 모바일에서도 쓰게 해주세요.",2,42,0.2.5,2025-03-10 02:42:57,,,0.2.5,googleplay,ko,kr
8d23ae72-cdfd-4539-8bb2-1e3833a33d79,킹민영,https://play-lh.googleusercontent.com/a-/ALV-UjVHI52nYiA_zRPSTuKikdneejM0n0AS0evq5RHrMAvvkjqZuzZW,최고입니다. 이런 앱이 무료라니,5,0,0.2.5,2025-03-09 23:39:33,,,0.2.5,googleplay,ko,kr
e99df581-1deb-48fa-8dc3-4d9d335aa694,박상수,https://play-lh.googleusercontent.com/a-/ALV-UjWoPRXXzohXr7Xbjok-BpxyA13JmETi4gOqWogpxQaNaZAkN_vX,좋습니다. 최고입니다,5,0,0.2.4,2025-03-02 16:57:07,,,0.2.4,googleplay,ko,kr
fe2f6cea-b61e-4495-adad-c1d2393f21cd,이준혁,https://play-lh.googleusercontent.com/a/ACg8ocLjC48i87D0si57OgSG4AvQTbuA3K6OjBMG2Vf2sFjTc9RvCp0=mo,자동자막 지원,4,0,,2025-02-15 10:04:45,,,,googleplay,ko,kr
b518d73e-da3a-4b8a-a6d7-c4f631a74944,유태숙,https://play-lh.googleusercontent.com/a/ACg8ocKSTK8LpMpoEKSIeih_XNJLWwpn46nBE_9vLr1wZFFu_CVwdw=mo,안녕하세요 저는 pc로 브루라는 편집 프로그램을 즐기고 있는 사람입니다 저는 이 프로그램을 강력추천합니다 ai목소리 그리고 캐릭터 자동으로 등등 너무 좋은게 많아서 말도 못할거 같아요 이거 진짜 어떻게 보면 단순하고 좋아요 깔면 좋음 아직 휴대폰은 사용 안해봤습니다,5,1,0.2.3,2025-02-12 23:23:29,,,0.2.3,googleplay,ko,kr
9f156b02-5931-4369-85cb-03bfc73d0c0c,샹,https://play-lh.googleusercontent.com/a/ACg8ocIM-A9Ve4YcIebNZma2oAVMeHIh4laBF-Sq9KkjnNy7JL1Lxsw=mo,좋은데 안드도 기능들이 많아졌으면 하고 폰트도 많아졌음 좋겠어요 아니면 사용자 폰트로 선택할수 있게 ㅜ,5,1,0.2.3,2025-02-11 02:28:10,,,0.2.3,googleplay,ko,kr
8a919bfb-a9f4-4899-aa89-07b6619179b5,ice tea,https://play-lh.googleusercontent.com/a-/ALV-UjWytOtZGY8lvpMgVCS4vYYjuNU0l9VOJZDbaAdWGsFLi_r-fG8,사랑해.,5,0,0.2.3,2025-02-04 19:07:21,,,0.2.3,googleplay,ko,kr
bd5b4776-198e-428a-960f-76adb11f963a,권대명,https://play-lh.googleusercontent.com/a/ACg8ocIz1pYd1v6hIvPvLlJF6UyjcO5fR3oqoX0yLdvYawuz2wduvA=mo,휴대폰에서 잘못번역된 자막수정이되지 않아요,2,2,0.2.3,2025-01-29 19:42:58,,,0.2.3,googleplay,ko,kr
6d0c5bd6-4a9d-4f11-af13-6f67ada9bcbc,김수지,https://play-lh.googleusercontent.com/a-/ALV-UjUv20bJjkqcPDKjFUOiDVMMtSx-PSVA9JVdqvLpIOqEhZVFThU,좋아요,5,0,,2025-01-24 01:59:42,,,,googleplay,ko,kr
63e162cc-a3fd-4bcf-b06a-5d470cfecff6,Jisuk Park,https://play-lh.googleusercontent.com/a-/ALV-UjXgwGIxzFpr6vCSbNACvN0UijBvATi_7n4as4Wbu_YmqRauqxcL,Pc랑 달른거 같아요 그대신 재미있게 만들어 졌어요,3,0,0.2.3,2025-01-12 21:35:18,,,0.2.3,googleplay,ko,kr
0f971fb9-1e0a-4d0e-b4e2-a1094779b502,아그배,https://play-lh.googleusercontent.com/a-/ALV-UjWvYFMYRaQheP9I7tGgUs8O7FQ3VEbyHM_F9pJY5t6AX_k0yq40,"자동 구독취소와 환불을 요청하면 빠른 처리해주세요. 결재는 빼가는데, 구독취소와 환불은 왜 이렇게 어렵게 하는지. 이건 아닌듯.",1,3,,2025-01-02 08:14:10,,,,googleplay,ko,kr
3ae3f884-7aa1-479c-a8fe-a7a9e2594e22,서빈맘-,https://play-lh.googleusercontent.com/a-/ALV-UjWi57ifvzF953woi-AKh_mOFAYTPaC3OoiRiWxiqBBU8d47i0k,I can tell this is a very well made program but it's hard to pay for upgrading.,5,0,0.2.3,2024-12-26 00:45:51,,,0.2.3,googleplay,ko,kr
a0abb6ef-84cd-4779-a75f-8bd9f4ecbcbe,도돌이까치,https://play-lh.googleusercontent.com/a/ACg8ocLNmxmfmOcDqzOunIBAQ6ek0YbjjbjFCVmPQOgnONovsimuvg=mo,캡컷 유료화 계속 하고 언제 털릴지 모르는 중국 어플 캡컷 쓰느니 이거 쓴다..,5,2,0.2.3,2024-12-21 00:04:01,,,0.2.3,googleplay,ko,kr
c1d6f629-c72d-4255-bd8a-a61706b496bf,ᄒᄉᄒᄒᄉᄒ,https://play-lh.googleusercontent.com/a-/ALV-UjWrtladzBeGGZICZXP7_mXjcLeaVMP9p2GIHFpA-ctPE_LkZ3c,무슨 편집앱이라는게 편집 좀 만 하면 영상 파일이 망가져서 나오나요? 이런 앱이 세상에 존재 한다는것이 정말 놀랍습니다.,1,4,0.2.3,2024-11-28 19:21:57,,,0.2.3,googleplay,ko,kr
ca28f978-54bb-4237-ae20-634b40085594,배상석,https://play-lh.googleusercontent.com/a/ACg8ocKP3QhgHoi0bTWIqHkUipGPIE8Um8ygGF3BYZxh3st7kAC8HQ=mo,모바일 앱도 더 잘 만들어주세요~,5,2,0.2.3,2024-11-25 01:27:02,,,0.2.3,googleplay,ko,kr
b06e8a4b-3a43-4346-b3cc-153320806557,younjung lee,https://play-lh.googleusercontent.com/a-/ALV-UjWkMqDZNxsXimdILshsnX_L_9WpJQOz-idKHKBY1n7NM8BiHhSS,1년자동결제 아직 1달 남앗는데 돈이 빠져나갔네요. 구독 취소 햇으니 환불 처리 해주세요. 그리고 돈 빠져나가기전 미리 메일 안주나요?,1,0,,2024-11-17 02:37:09,,,,googleplay,ko,kr
ea259f78-d047-4697-9ed6-5f4507625602,Jihyun Kim,https://play-lh.googleusercontent.com/a/ACg8ocJMK9D9bO18_l_RAdZL6fyMxMHf0kp0-S4ND19tog91zhSfSQ=mo,찐 좋음,5,0,0.2.0,2024-11-09 07:02:18,,,0.2.0,googleplay,ko,kr
c6c5acfa-344e-4aa4-9416-a6e5ecc1477c,윌리엄강(william kang),https://play-lh.googleusercontent.com/a/ACg8ocKjC_r4-5Ai6yt7QPB5X4Q4W0-ErekRnRKG9Gsv8TzjmbwFDgc=mo,잘사용하다가 갑자기 내보내기가 안되요 ㅠ,3,3,0.2.3,2024-11-03 02:27:07,,,0.2.3,googleplay,ko,kr
7b83151b-735c-4964-99fb-242ec0f1ba28,트럭킹TV trucker vlog,https://play-lh.googleusercontent.com/a-/ALV-UjUuhSedKsCUCS10_c0h7VFKYIQY8OJXbv1QNg7LtoMcg9wkzqg,다 좋은데. 테블릿에서 가로모드가 안되는것이 아쉽네요.,5,1,0.2.3,2024-10-25 22:28:07,,,0.2.3,googleplay,ko,kr
c9e0db31-151b-4914-9678-e201466bf794,storm mael,https://play-lh.googleusercontent.com/a/ACg8ocJTnvGy3YRoQcz0aPI1mNEvNBFuOgMUD-dNLGVbdrKduqEg7Q=mo,PC에서 설치후 UI가 마음에 들어서 사용하려 해도 회원가입 메일이 안오는데 어쩌라는 건가요???? 재발송 눌러도 절대 안옵니다 gmail 19일 오전 0시 기준,1,5,0.2.3,2024-10-19 00:57:20,,,0.2.3,googleplay,ko,kr
88fba1eb-ea8c-44c0-9c27-bd825124d579,이철희,https://play-lh.googleusercontent.com/a-/ALV-UjVMj8uRAFW-TdCfoGypuJmfIb1DUu8F8E3DR0ndZv-PQisRTFQ,Pc버젼보다는 좀 떨어지지만.. 쓸만하네요.. pc버젼만큼의 성능은 불가능한건가요?,5,0,0.2.3,2024-10-15 02:26:41,,,0.2.3,googleplay,ko,kr
d30bf443-240b-40fb-8c91-c89843b9d159,박은아,https://play-lh.googleusercontent.com/a-/ALV-UjV0oAXvPFr2sKS8KuClX02untM2JnqJvb7R71mgaCX0wANgi3c,"브루 앱 덕분에 제 유튜브 영상 자막추가 성공했습니다 브루 앱 강추합니다 전 주로 유튜브 영상 제작할때 사용하고 있습니다 사용법도 엄청 쉬워서 저같은 왕초보도 쉽게 성공했습니다 여러분 브루 앱 꼭 쓰세요 특히 쇼츠 영상 만들때 딱 좋습니다 자막 제작방법 종류별로 있어서 본인 스타일대로 꾸밀수 있으며 글자,배경,위치도 변경가능 하더라고요 전 완전 대만족~👍",5,14,0.2.3,2024-10-12 20:11:37,,,0.2.3,googleplay,ko,kr
e89d16a8-d258-4b2d-a7a7-73ac32f88c5a,그랑살롱,https://play-lh.googleusercontent.com/a-/ALV-UjWQPeRAmJ-4s1uSZr_gkYBLH9IEpniD1eN1LY2KPKeTDULrCqQ,모바일에서 간단히자막넣기만 가능하고 사용되다 지금은 영상내보내기 안되여 두번삭제하고 다시깔아는데도 오류 원인이 뭘가요,3,0,,2024-10-02 23:19:43,,,,googleplay,ko,kr
b3978072-429e-4630-8c25-c7f6b8f84048,Jini Kim,https://play-lh.googleusercontent.com/a/ACg8ocJTB3vR1emksLzkOO0JgPVXRfL9Zn0avf0IX8mzahpfaONYrw=mo,인공지능 자막이라 자막작업하기 좋아요. 다루기가 쉬워요. 워터마크도 세련되고 앞부분에 잠깐 나와서 무료 체험하는 동안 유료로 쓰고 싶다는 생각을 하게 돼요. 번역 자막도 외국 앱인 Fi+++++에 비해서 훨씬 좋았어요.,5,1,0.2.3,2024-10-01 02:24:02,,,0.2.3,googleplay,ko,kr
89acc0d3-9811-4bdf-91bd-9e3c77419601,1화니 Park,https://play-lh.googleusercontent.com/a-/ALV-UjU_mpvYPMbmnSZfPWheUqIYDo0RyZh-hr0nhCLIPE95sesANgmJ,pc버전이랑 기능차이 많아!! =쓸모없음!,1,0,,2024-09-21 06:55:57,,,,googleplay,ko,kr
37df9f28-2c25-4551-b81d-a880dc59ce82,장혁,https://play-lh.googleusercontent.com/a-/ALV-UjXFNfi7ZCvB8Yf42zQnupNrcCJ3fpTnrTQve-y3wrMkKwchjug,제발 아이폰처럼 세부적으로 작업할수있게 해주세요 진짜 제발 평생 사용할 의향 있으니깐요,2,2,0.2.3,2024-09-18 18:53:28,,,0.2.3,googleplay,ko,kr
e087368f-dc32-4687-b7b9-da5d09e178f9,민영기,https://play-lh.googleusercontent.com/a-/ALV-UjVu4dXyknFSMd9ImYEfW05WRJVFPDMN5fjJvAY63RVbSvM6cPlR6w,가끔 영상 업로드가 잘 안되지만 그래도 훌륭합니다 잘 사용하고 있습니다,5,0,,2024-09-09 08:10:20,,,,googleplay,ko,kr
01b2731e-a4f1-49f5-9048-bf6f2dc2832d,유승민 (무비라이트),https://play-lh.googleusercontent.com/a/ACg8ocLYCoBQphOBnP1sgBrphwVNka3lc6mlZoGwRW4l6i-sH4HA_A=mo,PC버전이랑 똑같이 할 수 있게 만들어줬으면 좋겠음... ㅈㅂ...,1,0,,2024-08-26 13:37:21,,,,googleplay,ko,kr
66e5a61e-0f07-4b69-9053-0512257741a5,O.o,https://play-lh.googleusercontent.com/a-/ALV-UjX0_wmv-aq3c925s6D_3K32NhK6PCPkX0vOgfcoADKhISc6IO5S,앱 자체도 깔끔 간단하고 영상 넣기만해도 어느정도 자막이 다 생성돼서 너무 편하고 좋습니다!!,5,0,0.2.1,2024-08-14 19:41:19,,,0.2.1,googleplay,ko,kr
e1a7143f-8da3-4714-80d2-456d73a106f6,미스미스플안나,https://play-lh.googleusercontent.com/a-/ALV-UjXziX6SukHOq3q6knMy6LjoxBDwaxksl_ssDVaTKXD5r2F9b6pe,잘 사용해 보것습니다,4,0,,2024-08-13 07:33:50,,,,googleplay,ko,kr
a713b1e6-e083-42f1-a015-39039c4c92ab,파파뚜러,https://play-lh.googleusercontent.com/a-/ALV-UjV7Qwi0wALFnMN8COde8TPBGEGiVeDOinKbDAVOBd3k8FC7389a,ai가 동영상 추천 데이터가 작내요 프로그램 사용법도 부족하구요,4,0,0.2.2,2024-08-12 08:37:33,,,0.2.2,googleplay,ko,kr
e9af0427-d4a7-4c31-9ffb-fe9947b820d5,북극펭귄,https://play-lh.googleusercontent.com/a-/ALV-UjWoG1fLK5PZzrQvIbC-wt4i_ek7CIZQepwgNZo4l64bH__AtGXp,좋아요. 근데 자막 스타일 수정하려고 하면 앱 종료되네요.,4,0,0.2.2,2024-08-04 18:21:54,,,0.2.2,googleplay,ko,kr
b9aa0c64-f29e-44fe-b337-cb57f89cbcc0,mg Kim,https://play-lh.googleusercontent.com/a/ACg8ocJejeybbUhu8aRTe5qkPlbmlC6E3FjeC4j3yayxr2z_9B--vbg=mo,자막스타일 편집하려고하면 강제종료됨,1,9,0.2.2,2024-07-29 12:43:12,,,0.2.2,googleplay,ko,kr
a9591010-8534-451a-aab0-6171e24e7549,C.Y. Cho,https://play-lh.googleusercontent.com/a-/ALV-UjVUsCSHZgKnlItw5PT5mrWtZwfrNU3N8_4caacue1nWTRYZkHFf,단순하게 몰라도 작업 할수 있습니다. 저는 한시간 짜리 자막 넣는데 핸드폰으로 오류 수정시간 한시간정도 들이면 자막만들기가능함니다. 만드느라.수고하셨습니다.,5,1,0.2.2,2024-07-28 18:11:41,,,0.2.2,googleplay,ko,kr
bf4c45ab-9782-42bd-9314-12d603d04aa8,Jun Young Lee,https://play-lh.googleusercontent.com/a/ACg8ocLl6nbY90huhW8LCxUdf7AK583dqvAfiuqjxSCmyFAHC_cA5g=mo,음성인식해서 자막추출하는데 백그라운드로 다른앱으로 넘어가면 작동을 안하네요? 이정도는 되야할것같아요,4,4,0.2.1,2024-07-21 10:46:26,,,0.2.1,googleplay,ko,kr
5d3f317b-4a21-42c2-b825-2bd7c0464b38,냥이,https://play-lh.googleusercontent.com/a-/ALV-UjV_PFd2ANAarC3zvak7tObWSDwJuLiccGNwyB27bQU8EfMyUIPx,앱버그 발생해서 안돼요,1,2,0.2.0,2024-06-09 12:10:08,,,0.2.0,googleplay,ko,kr
e57308d4-d53b-4990-9e61-079470a083ea,이춘운,https://play-lh.googleusercontent.com/a/ACg8ocLE1uVvXrk7ZNaoA2_xXS2Mbee0k5VY3VONouUb3OxrwTJjcF4=mo,잘모르겠음,5,0,0.2.0,2024-06-07 22:12:22,,,0.2.0,googleplay,ko,kr
2f72dc94-04e5-4d1a-a8e8-e0c7fbb608e8,오정진,https://play-lh.googleusercontent.com/a/ACg8ocILFn-lO7yjQ7B2XmFpMuDdlHTTcdgYgwRKjiBruALobY4nPA=mo,음성 인식을 잘 못하네요,3,2,0.2.0,2024-05-28 19:48:32,,,0.2.0,googleplay,ko,kr
2398f34b-423b-48ad-9905-57494cda17b2,ham,https://play-lh.googleusercontent.com/a/ACg8ocK21ha9OhwUPh3NLF0VnaJdcVZlgdBwFw96tqQZ2vXObT45LnQ=mo,자동 자막 생성되고 너무 좋은데 저는 싱크가 딜레이 되는 문제점이 있습니다 음성이 맞지 않아요 컷을 없애면 자꾸 뒤로 밀립니다 이 문제점 개선 안 될까요?,4,1,0.2.0,2024-05-24 19:34:22,,,0.2.0,googleplay,ko,kr
3b01d073-f239-4757-9374-2be7118d4224,Jy M,https://play-lh.googleusercontent.com/a/ACg8ocKg4RMsg8pd9WJ9TyGwspw4s9qEBNqUMS34k7636YJDLL9-sQ=mo,영상제작시 ai 음성 지원 무료 체험이 있으나 이것 저것 금방소진됨. 유료 결재를 해야 ai 목소리 추가로 사용할 수있음. 가격이 타사 제품보다 비싼편임,1,10,0.2.0,2024-05-22 10:17:43,,,0.2.0,googleplay,ko,kr
29a5f24e-c5e0-42da-b6b2-72ac49aa5740,남신덕,https://play-lh.googleusercontent.com/a/ACg8ocICju1h2kfvtHh8oGaF1BGPz31Y1iVJhAncHrnSK9c0ZdhMXQ=mo,"소문 듣고 이제 시작, 사용해 보고 리뷰 올릴게용",4,0,0.2.0,2024-05-18 11:55:07,,,0.2.0,googleplay,ko,kr
9fc434fd-f2bd-4259-a5eb-cc0a996c220c,dy i,https://play-lh.googleusercontent.com/a-/ALV-UjXJE3J71Ht1HsxksFBxr2m41He19ji6dCwCRGZBp1ISb9_4AM_J,너무 좋아요,5,0,0.2.0,2024-05-12 19:06:50,,,0.2.0,googleplay,ko,kr
324c2016-0d00-46fe-a2ed-f3d284bc736a,김영식웃음박사TV,https://play-lh.googleusercontent.com/a-/ALV-UjUUKXln06VeQz7f3w9EmV_ufHEPOZEDfkGpvc8guHXtmGzMrISg,간단하고 좋아요,4,0,0.2.0,2024-05-10 22:23:37,,,0.2.0,googleplay,ko,kr
02745539-126c-4e20-a9dd-da03b6f50616,아리수,https://play-lh.googleusercontent.com/a/ACg8ocI_1PAP_Ok2XVNPzZtjKo83eVyedALG8ObbWY-CtdZqZ_h4Qg=mo,자동 자막 선택이 중국어는 번체만 선택할 수 있네요. 대만에서만든 어플인가요?,4,0,0.2.0,2024-03-25 19:52:55,,,0.2.0,googleplay,ko,kr
596d0d84-7f59-4e43-9468-148bd440469f,김성민,https://play-lh.googleusercontent.com/a-/ALV-UjVVmkplpCi9d8xqmoxNJcpS2TaOmJDnDS70hCUlXsPj26389cU,좋은데 무음구간줄이지도 않았는데 초음부터 잘려있고 다시 원상복구도 안되서 아쉬워요,4,2,0.2.0,2024-03-09 21:31:26,,,0.2.0,googleplay,ko,kr
d6213029-1f87-47c2-b590-ff045e700803,카리나는신이야,https://play-lh.googleusercontent.com/a-/ALV-UjUR_7V1dQt5CpkKpaZ102KcEtWU1zuTtdNqRa6E1F1sHKyBR9TS,이거는 모바일로는 만들기 힘든듯 피씨로 해야할듯 모바일은 영상도 없는데 영상을 불러오라하질 않나 귀찮음,1,6,0.2.0,2024-03-03 14:12:49,,,0.2.0,googleplay,ko,kr
1fcde3fb-5ea3-426f-a417-2390c0a857f8,영원,https://play-lh.googleusercontent.com/a/ACg8ocJaTBzdMFfJfqeXd86kFacf7lNqa1dOisb3IxIumrFxtWZGRw=mo,자막 타이밍이 안 맞음,1,3,,2024-02-29 03:07:28,,,,googleplay,ko,kr
c6f3d1a1-6231-42db-b307-24e51dc8cab7,장혁,https://play-lh.googleusercontent.com/a/ACg8ocKSworabi2HXezmwyuBkwi8wNzVHZuP_uw72mw8RNldLIqUuA=mo,갤럭시 유저인데 아이폰 처럼 자막 위치 세세하게 자를수있게 해주세요 돈 내서라도 할테니깐요 진심 아이폰으로 바꿔야나 싶어요 제발요 부탁해요ㅠㅠ,2,0,,2024-02-26 13:29:58,,,,googleplay,ko,kr
0b3b8f1f-0919-41e6-b61d-58b904d04af6,성기돈 (소망),https://play-lh.googleusercontent.com/a/ACg8ocJy4d4yFji0iPpF7SW6Z3PmPUj4LOeuE7QC7TUbH470z3GJ68Sl=mo,최고,5,0,0.2.0,2024-02-19 09:04:30,,,0.2.0,googleplay,ko,kr
7f998a31-c2d4-42e6-8d53-6ab242a28f2d,박웅균,https://play-lh.googleusercontent.com/a/ACg8ocLpxOzwWXJjpISqzhrQgyiskS4uXvFcbQdF91R6y86mEpCj2Q=mo,초보인데 열심히 배우겠습니다,5,2,0.2.0,2024-02-14 07:30:16,,,0.2.0,googleplay,ko,kr
af54ab0c-991e-4cc9-89b5-3ff481184149,화해합시다,https://play-lh.googleusercontent.com/a-/ALV-UjV9H6vcpUbN7kkJdov-I8DvBYnYkmI2_u_WYzleCCnYREUPSD5s,모바일로도 텍스트로 비디오만들기 지원해주세요,5,0,,2024-02-13 15:41:37,,,,googleplay,ko,kr
98f3d25c-5542-4244-a9f3-7fef6c2083f4,zibsunee,https://play-lh.googleusercontent.com/a/ACg8ocKU7LTvp51ec5ZA_NFJCONWSwoWI8BlOGnBw4FeQ4qb9u2niw=mo,자막 최강자예요 신기하게 노트9에서는 한번도 그런적이 없는데 갤럭시s24로 바꾼뒤 저장할때 자막이 밀리네요 그래서 혹시나하는 마음에 영상을 노트로 옮겨 편집하고 저장해보니 싱크가 또 딱딱 맞아욬ㅋㅋ 기종에 따라 차이가 있는 경우도 있는거 같아요 참고로 10분이상 영상이었어요,5,8,0.2.0,2024-02-06 20:13:58,,,0.2.0,googleplay,ko,kr
ccd34b04-8a74-4b13-a86a-85fbbee119c8,연꽃잎,https://play-lh.googleusercontent.com/a/ACg8ocJREm9DLqQbmKLXW2cVFJqS5yO6H5LZREKEp86bt2B5tpO0oA=mo,Good,5,0,0.2.0,2024-02-06 09:07:30,,,0.2.0,googleplay,ko,kr
c5f00a93-9c0a-4cd9-abbe-2ba7cc143e31,BINCO,https://play-lh.googleusercontent.com/a/ACg8ocIO9YwHq0crrkrOQQJQYACpZJcW8fjq8cyOUPlj1U9OpLyKZaM=mo,굳,5,0,0.2.0,2024-02-01 03:31:18,,,0.2.0,googleplay,ko,kr
16d41b66-ce5e-4608-98b0-740365881ced,김권보,https://play-lh.googleusercontent.com/a/ACg8ocLZ-dPYYN9XMMubIB0alBDAQAsmdr5zqpa_wzMYfUbaad2d7A=mo,완벽하지는 않지만 자막을 자동으로 달아주니 간단한 자막 편집하기는 편합니다. 그래도 역시 다듬는 과정은 필요합니다. 근데 내보내기가 왜 안될까요...,4,8,0.2.0,2024-01-31 23:13:35,,,0.2.0,googleplay,ko,kr
9b5c96c9-c541-441a-82c2-3e5a358fbce1,Haru Kim,https://play-lh.googleusercontent.com/a/ACg8ocK9xasTNEw_2FVC6N1lAMluh9EJHo6bOVycz5a61ifEMEuj7g=mo,미쳤다! 찢었다!,5,0,0.2.0,2024-01-27 22:46:07,,,0.2.0,googleplay,ko,kr
48c6facf-d1f2-4a2e-8c4f-bade7ef2ba32,김미강,https://play-lh.googleusercontent.com/a-/ALV-UjUaDsTeddRjbfPFqrT5jI3zry84_rut9gE3AAvJdiJIKjf2NYWs,클립마다 색상변경만 가능하면 완벽해요.....,3,1,0.2.0,2024-01-25 21:26:27,,,0.2.0,googleplay,ko,kr
58be79cd-3c49-4035-a4f4-f6b58154f4d2,Censoredkang Un,https://play-lh.googleusercontent.com/a-/ALV-UjXtlaqVwYnkGK6_mQUvzIsJDy4n3l1qhr0Igz-Psl8QkvG8Oaw,조으대 ㅋㅎㅋ,4,0,,2024-01-19 04:10:24,,,,googleplay,ko,kr
2382fb4c-012a-4b94-88fd-605cc1e416ca,부산에살다.,https://play-lh.googleusercontent.com/a-/ALV-UjV9-BWUby_FkKgKDkx5Ehk_XIkFwraDmCqgc3_z9PoUTpWb8tio,"아이패드에서 잘 사용하다가, 갤럭시탭으로 왔는데 가로 버전 지원이 안되네요?!ㅠ 지원 계획이 없으신건지요?",5,1,0.2.0,2023-12-25 23:20:04,,,0.2.0,googleplay,ko,kr
61c8eed4-fcd1-4c6d-9e8c-ab54f673eb40,드럼치는희락,https://play-lh.googleusercontent.com/a-/ALV-UjUmzaeH_62pVqjqVtAqHqiCxJEVc0WG268nSwXdcYfNhtd150zS,파일 복사본을 만들 수 있는 복사 기능이 있었으면 좋겠습니다 자투리 시간 쪼개서 일주일동안 잠도 줄여가며 편집한 파일이 갑자기 열리지 않고 강제종료 되버렸습니다 카톡방에도 건의 드리고 여기저기 찾아보니 저만 그런 버그가 있었던 게 아니였던 걸 봐선 예전부터 쉽게 고칠 수 있는 버그가 아닌가봅니다. 그래서 복사본을 민들 수 있는 기능이라도 있다면 파일이 날라가더라도 작업중인 복사본 파일로 다시 작업 할 수 있기 때문에 건의 드립니다 감사합니다.,5,79,0.2.0,2023-12-11 05:15:07,,,0.2.0,googleplay,ko,kr
89805603-cc5f-4f5d-b6b7-2bfe2e5b82ba,EK Y,https://play-lh.googleusercontent.com/a/ACg8ocJT-V3CjedzXXdjTo6YhbeGD_M9w_i7MXTmYMUvuAWZOtj1pg=mo,좋음. 외국어공부 도움됨. Pc랑 로그인 연동됐음 좋겠음.,3,1,0.2.0,2023-12-04 09:08:22,,,0.2.0,googleplay,ko,kr
3d4228f9-7923-4a82-bce1-9aea81c08b6e,June미디어,https://play-lh.googleusercontent.com/a-/ALV-UjXaxCVE2DLOOqeA5yYEVjyaeEX_qdzVdHmBcomLItjY7CKOuade1w,모바일은 AI지원이 안되서 별루네요,2,3,0.2.0,2023-12-01 22:03:21,,,0.2.0,googleplay,ko,kr
66975cbb-e7a8-4666-ae97-726a095a8e7e,muoi my,https://play-lh.googleusercontent.com/a/ACg8ocKh5LUQe4QjpA76-B-p_feoVnEk0n17Pw5xugnv1IDxayJSdg=mo,정말좋다,5,0,0.2.0,2023-12-01 15:53:27,,,0.2.0,googleplay,ko,kr
7a573006-4943-4371-8676-36a3c3d4b6f4,권민영,https://play-lh.googleusercontent.com/a-/ALV-UjUZXjVu_dSQzssXy3h9SCQnY3WTUxhr_bJ3vJM46nTPe9Uu6tU,이걸로하니까 댓글이 사라지네요?...,3,1,0.2.0,2023-11-29 22:26:53,,,0.2.0,googleplay,ko,kr
535a0ca9-1415-4d40-9623-fffc1b31dcef,남이,https://play-lh.googleusercontent.com/a-/ALV-UjUfND4GjV3UJBNgboryKd03YeHw_J52NiYyiwpeXVLIImVV7er35A,자막 달려고 했는데 자막 넣을 때마다 소리 싱크 안 맞아서 계속 처음부터 들어야 됨 불편 그 자체,1,4,,2023-11-28 13:19:48,,,,googleplay,ko,kr
de82fec0-e000-402a-a29e-b6fdfd4dcea5,드리미,https://play-lh.googleusercontent.com/a-/ALV-UjWLicJ4PHZ26TVZhXN9hLBLdLGywLHomTbHgWWcY_4lT65heXM,감사합니다 너무 잘 쓰고 있어요. 이제 이거 없으면 자막 만들 생각에 눈앞이 캄캄할 정도예요^^,5,1,0.2.0,2023-11-16 11:48:29,,,0.2.0,googleplay,ko,kr
4d217adf-3243-4a92-b007-8f95cb73173b,월드오브박스,https://play-lh.googleusercontent.com/a-/ALV-UjUOhwJ2xWaYcGciYJYCseznWL0D8dmGsaO6p3wbs_hmdVh5itEY,먼저 PC에서 사용해보고 모바일 바전이 있어서 한번 깔아서 사용중입니다. PC에서처럼 로그인이 되어 PC와 모바일이 서로 호환이 되었으면 합니다. 편집기들 중에서 파워디렉터 다음갈 것 같네요! 좋습니다!,5,10,0.2.0,2023-10-09 22:49:25,,,0.2.0,googleplay,ko,kr
01dae737-d5ab-482c-bfce-6132d451b43e,eunjung kim,https://play-lh.googleusercontent.com/a/ACg8ocJzFImeY049lLC_o4lMGvIvf6V52XcMNxEtv0QluqulB5ujYQ=mo,컷편집 기능이 자연스럽지 않고 확 끊겼다가 다른 장면으로 넘어가서 불편하고 짜증납니다;; 폰트도 다른 게 없어서 불편하네요.. 자막은 잘 달고 있는데 컷편집 자체가 이상하고 쉽게 할 수 있지만 어설프고 이상하네요;; 이 점 고쳐주시길 바랍니다;;;;;;,3,14,,2023-09-26 15:50:07,,,,googleplay,ko,kr
d1a830b4-bc5f-4dc8-8e9f-35f7b729f5d4,김민준,https://play-lh.googleusercontent.com/a-/ALV-UjUqHAy9lTRrmHVcFLeONIkZiaaFqtbgmpm9R8mQQaQlhc4DSh9J,"뚜렸하면 잘 나오는데, 뚜렸하지 않으면 안나옴... 잘 안들려서 다운로드 받은건데 다시 삭제해야겠네",1,2,0.2.0,2023-09-06 12:06:02,,,0.2.0,googleplay,ko,kr
50150eaa-db93-4802-8062-cbb4cb6e8fce,애지모이영희,https://play-lh.googleusercontent.com/a-/ALV-UjWfymC37ghAwH8UMacWoOR1DwnxqEzsNzr75VDtqRHfFiLry10,처음 가입하려고 합니다,5,0,0.2.0,2023-09-03 17:53:06,,,0.2.0,googleplay,ko,kr
8cf0ac70-4e7c-4a09-beae-d3a16196ab68,이명기,https://play-lh.googleusercontent.com/a-/ALV-UjXb7Fj4GEWBKjtINN5YvOfrc38T4nlgsRSZSNvmuk_JL_q09rUoWA,음성을넣어 촬영하거나 텍스트를넣어도 ai음성 나올수있어 좋아요,5,1,0.2.0,2023-08-10 07:32:21,,,0.2.0,googleplay,ko,kr
364f401c-b5c0-442f-a253-2dee1841094a,Jiho Jeong,https://play-lh.googleusercontent.com/a/ACg8ocKdsWfh7wfVquQUqAMO3BY3w7xIdinN4QzcWzIoOJItT7RhWg=mo,자막번역 안되나요?,2,0,0.2.0,2023-08-01 09:27:15,,,0.2.0,googleplay,ko,kr
37a3a806-9137-4852-974b-006249f93b02,lee조아요,https://play-lh.googleusercontent.com/a-/ALV-UjX6GrRvU--nMVR5AEjpRZHxTKTIAKy8lWxxmKf54s9eoOZqRXyuAQ,음성 인식이 특출나네요. 제 의도대로 모든 자막이 처리되어 수정할 일이 없네요. 최고입니다.,5,0,0.2.0,2023-07-15 09:17:29,,,0.2.0,googleplay,ko,kr
565d0f66-082f-47d1-b3fe-77a9f936570f,gullola qodirova,https://play-lh.googleusercontent.com/a-/ALV-UjUxV48Bx0ShFMfHfAOLfRKPCTCjsbPGrXPcAnPEBeBU-y_KF_o,"우즈벡어도 할수 있을까요,",4,0,0.2.0,2023-07-12 10:17:48,,,0.2.0,googleplay,ko,kr
79010687-f403-42dd-926b-853b3c2bae91,다니엘박뿌잉,https://play-lh.googleusercontent.com/a-/ALV-UjUmXSqDuC6gR0XUNLe-nPQ4-9bxeq4Y9jNd_qQoVH95YBjf-mVuew,좋아요,5,0,0.2.0,2023-07-09 16:10:29,,,0.2.0,googleplay,ko,kr
db83d930-8972-4702-ab24-7ad50a6ed8fb,봄학기,https://play-lh.googleusercontent.com/a-/ALV-UjWMFvU0eH61CxslqBDvl-PNzCa85uE6imaTk9B0IcnLWe_69BsAug,최고입니다. 편집의 수고로움없이 스마트폰에서 바로 해결할 수 있겠네요. 감사합니다.,5,2,0.2.0,2023-06-26 18:33:56,,,0.2.0,googleplay,ko,kr
31911462-e5c0-4c30-a5c8-7f32d3170f5a,ChoHui Han,https://play-lh.googleusercontent.com/a/ACg8ocK6GFvrTiOjQDCGF4pzn87HijSRCQgH0qOrbR8ulCOyJgk6NQ=mo,오 굉장히 쉬운데요?,5,1,0.2.0,2023-06-04 16:40:11,,,0.2.0,googleplay,ko,kr
9ab55899-9991-4ab9-b2dd-4da30596122b,김나영,https://play-lh.googleusercontent.com/a-/ALV-UjXPKb8qonyqzewquqGLOeB2DerT6DjP2L0RE2beiQO3_XJGkEc3,정상적이 영상인데 편집하려 하면 소리가 늘어져요 어떻게 해야 하나요?,1,3,0.2.0,2023-05-24 16:04:23,,,0.2.0,googleplay,ko,kr
a66d5058-f3ed-4739-a7e2-f1a9849d76de,Min Gyu Yeo,https://play-lh.googleusercontent.com/a/ACg8ocL2HOOivluG0MrpOkEyz8jl85yX2KcmShfi0cEGuYIfgQmWjA=mo,모바일 버전이라 사용을 해봤지만 데스크탑 버전 처럼 음성인식 자동자막 생성 후 번역기능이 없어서 너무 아쉽습니다. ios 앱 처럼 자막 파일 내보내기 자막 번역 기능 은 언제 안드로이드 버전에나올까요?,4,15,0.2.0,2023-05-21 23:12:21,,,0.2.0,googleplay,ko,kr
dd4ce62d-fdbb-48a4-8ceb-186ea7dc1ff0,해운대양소장부동산공인중개사사무소 (해운대양소장),https://play-lh.googleusercontent.com/a-/ALV-UjUUBVs2NTBQdjdEusrI7AVIcUVg4Gjvf4XYIu-2dMK1BpJ9aDaV,초보도 쉽게 쓸수 있어 너무너무 유용한앱 입니다,5,1,0.2.0,2023-05-19 23:10:11,,,0.2.0,googleplay,ko,kr
90f1b397-5020-4b90-9fb8-82611223b6ab,이SORE,https://play-lh.googleusercontent.com/a/ACg8ocLk003dLRnvJddgwXziThkVV2MGUSMyRzHX9CLcTUCjFWfWeQ=mo,번역이되는건지 잘 모르겠음 한국어로 정확하게 번역해줬으면 합니다,2,2,,2023-05-15 17:46:28,"안녕하세요? 브루 팀입니다. 사용하신 브루 안드로이드 버전에는 번역 기능이 없고, 음성을 인식해 자동으로 자막을 생성해주는 기능이 메인입니다. 한국어 음성으로 된 영상이라면 한국어를 선택해 주셔야 적절한 결과를 얻으실 수 있습니다. 혹시 사용 중에 또 궁금하거나 어려운 점이 있다면 vrew-android@voyagerx.com으로 메일 보내 주세요. 브루를 사용해 주셔서 항상 감사합니다.",2023-05-16 15:03:31,,googleplay,ko,kr
2de82ed0-401d-4c15-a26a-ca227c63d72a,통계TVᆞ조회수124만회,https://play-lh.googleusercontent.com/a-/ALV-UjVV4GUgY9iuKIEw1R9isVH1IksnhoZ28P1yrvSUghH446_081Wu,휴대폰도 노트북 같이 사용하게 바꾸어주세요,3,2,0.2.0,2023-05-14 20:02:19,,,0.2.0,googleplay,ko,kr
2c8f6ef4-930b-492e-81ff-9fdf2a73e58f,땅콩,https://play-lh.googleusercontent.com/a/ACg8ocJQ9kGkJnjCOWvpOqwR0-givwJgWqvdmPZOQso6851qwXzmvw=mo,원래 메뉴판에 글꼴이나 번역 항목이 없나요?,2,0,0.2.0,2023-05-12 05:12:23,,,0.2.0,googleplay,ko,kr
72aa4713-dccc-4981-8409-beb286126ee2,pple a,https://play-lh.googleusercontent.com/a/ACg8ocJD10B0kbfPfIljkDPvXbVGkI5YwmGB78OyXjY_n2HncgSaIA=mo,"제가 정말 좋아하는 프로그램인데 유료화로 썼을때는 솔직히 ai 오류가 너무 많습니다. 음성이 두개로 생성되거나 , . ? 이런것들이 인식이 안 되거나 글 속도에 따른 글자량 자동 변경이 잘 안 되거나 합니다. 안정적으로 쓸 수 있도록 부탁드립니다. 개인적으로는 모바일도 되게끔 해 주시면 정말 좋을듯 합니다.",3,45,0.2.0,2023-05-05 17:07:34,,,0.2.0,googleplay,ko,kr
0f4313f1-1f53-4330-bdc3-05c900a833a4,정영은,https://play-lh.googleusercontent.com/a/ACg8ocLs02LRTjEttgJT4hzvoNh2c22GkwgGKI1qycOyQyjlurcE8Q=mo,앱을 잘 사용하고 있습니다 아쉬운점은 초벌된 자막을 삭제하고 붙인 후 완성된 영상을 보면 영상과 자막의 싱크가 맞지 않은 경우가 많습니다....ㅠㅠ 이 부분만 개선되면 정말 좋을 것 같은데 어찌 안 될지요,4,18,0.2.0,2023-04-02 12:55:02,"안녕하세요? 브루 팀입니다. 리뷰 남겨 주셔서 감사합니다. (_ _ * 말씀 남겨 주신 내용에 대해서 제가 잘 이해하지 못했는데요, 괜찮으시다면 vrew-android@voyagerx.com으로 메일 보내 주실 수 있을까요? 구체적인 상황을 파악해 보고자 합니다. 브루를 사용해 주셔서 항상 감사드립니다. 좋은 하루 보내세요. (_ _ *",2023-04-02 17:24:07,0.2.0,googleplay,ko,kr
556aff7d-7027-48f6-ae0f-5aa93d1a2d29,미추홀환희,https://play-lh.googleusercontent.com/a-/ALV-UjWTW65Msqr9WDrJX_ttUtSzBGfoBCMbnzW6CiYhSLAioMNpwOz66w,비디오 음성을 텍스트로 넣어주는 확실한앱 따른 앱은 자막을 낳어주는게 아니고 음성을 추출해줌,3,2,0.2.0,2023-03-14 21:10:32,,,0.2.0,googleplay,ko,kr
c07252f8-0a66-4201-b1ba-c87b41a1239b,김한울,https://play-lh.googleusercontent.com/a-/ALV-UjU0W8bSXE_Wuu629l058M6E5yxIyZZ2FoYokQfWMG1HJ6sDwCzJ,인공지능 자막은 어디에 있습니까?,1,2,0.2.0,2023-02-28 08:07:58,"안녕하세요? 브루 팀입니다. 브루는 AI 기술을 사용해 영상 편집을 도와드리는 영상 편집기예요. 편집할 영상을 불러오시면 언어를 선택하는 화면이 보일 텐데요, 요 창에서 언어를 골라 주시면 인공지능이 자동으로 초벌 자막을 만들어 드립니다. 더불어 AI 목소리 기능은 모바일에서는 사용할 수 없는 점 양해 부탁드립니다. ^^: 혹시 다른 문의사항이나 불편한 점이 있으시면 언제든 vrew-android@voyagerx.com으로 연락 주세요. 감사합니다.",2023-03-06 15:20:06,0.2.0,googleplay,ko,kr
3c4af498-1bf7-48f4-9d60-c80f26dc1d23,이철호,https://play-lh.googleusercontent.com/a-/ALV-UjVoG9jrnXEHW5QJhyqIWgS04HAoLn_Ib6NwOHr6L_HPA7XLXrDk,보이저엑스 남사장님! 감사합니다!,5,1,0.2.0,2023-02-27 14:05:40,,,0.2.0,googleplay,ko,kr
340daeb9-65e6-4a0e-95d4-b40882c02905,JS Lee,https://play-lh.googleusercontent.com/a-/ALV-UjUN9Sua92_knMq5-9lm3cG1FRX38HIBHmmSbKWKYmP2YoD7X2xbjg,하악 안드로이드 나왔네 브루와 보이저엑스는 사랑입니다,5,1,0.2.0,2023-02-26 22:04:25,,,0.2.0,googleplay,ko,kr
d7511f14-4f86-4fb2-b177-2e88e7cf45f5,김은하,https://play-lh.googleusercontent.com/a-/ALV-UjWcDtyagoQHMnMTV4I-bh6PYH5SYNnV2tEcIaqpY38aG_vuPeoX,글씨가 깨지고 정확하지 않아요,1,4,,2023-02-26 02:10:16,"안녕하세요? 브루 팀입니다. 시간 내어 리뷰 남겨 주셔서 감사합니다. 글씨가 깨지고 정확하지 않다고 말씀 남겨 주셨는데요, 깨진다는 것이 1) 자막이 음성과 다르게 생성된다는 말씀이신지 2) 또는 글자가 깨져서 잘 보이지 않는다는 말씀이신지 3) 그 외의 어떤 것인지 잘 이해하지 못했어요. 자세히 말씀해 주시면 브루를 개선하는 데 큰 참고가 될 듯한데요, 괜찮으시다면 vrew-android@voyagerx.com으로 메일 한 통 보내 주시겠어요? 글로 설명하기 어려우시다면 저와 통화하거나 할 수도 있으니 편히 연락 부탁드립니다. 감사합니다.",2023-03-06 15:21:47,,googleplay,ko,kr
b8211c8f-1947-4c54-9346-8ae077d5f86c,kiwon kim,https://play-lh.googleusercontent.com/a-/ALV-UjWd6_giyh--Wo4JAKuVmQxjPkOeppt4UyeK1PCMCHoAlGTvlv-VYA,남세동 화이팅,5,1,,2023-01-28 20:58:53,,,,googleplay,ko,kr
5b00b091-5e13-42ae-bc33-49ead31b6f21,loo tooo,https://play-lh.googleusercontent.com/a-/ALV-UjW4COMA93cX8eFOBT8aDiYLktd43kCetgdb3XAUz_VdLPCLllY,개인적으로 정말 잘 사용하고있습니다 이 어플을 통해 귀찮음이 5000퍼센트 줄었고 구독자도 5000명 늘었습니다 진심으로 후원하고싶어요 계좌 알려주세요 당장이요.,5,2,,2023-01-26 01:07:37,,,,googleplay,ko,kr
ae7aa7eb-69c7-45d6-bc86-f8b9237ce9b6,Yun Oh,https://play-lh.googleusercontent.com/a-/ALV-UjWnMFQnspp7gttentVU7QE9CusLv8wyLSzQvKp6IK7OWdB4VPNJ,잘 사용하고있어요 감사합니다,5,1,0.2.0,2023-01-21 15:21:13,,,0.2.0,googleplay,ko,kr
2930d835-ef24-4488-b980-64033a6b8c35,ᄉᄋᄋ,https://play-lh.googleusercontent.com/a-/ALV-UjXcSHl4mPbUmk3w5LU6sU2CBiS_q1f8X5HSvqIDNBPghUC1wYU,싱크 3분이상부터 안맞아요,5,1,0.2.0,2023-01-13 08:07:12,,,0.2.0,googleplay,ko,kr
0a46de02-ab8a-47c5-b1e3-8b8d8bfba7d0,앵동TV,https://play-lh.googleusercontent.com/a-/ALV-UjU4zmkSyH7bFX6HHtdTW8F91xNqRURxnMX4IYl-exXJYVpCJOE6,너무 좋아요 good!!good!!good!!,5,0,0.2.0,2022-12-24 20:55:13,,,0.2.0,googleplay,ko,kr
96fb4538-0bc1-413d-8105-4516abb49772,쿼카익,https://play-lh.googleusercontent.com/a-/ALV-UjVVMJRdj5as_BzdfjMFlBtwsiC74Mfy5TApm1CNTgO9XJzgO1OS,단점과장점을 알려드릴께요 단점은 동영상이 자막때문에 2~3초 길어짐 장점은 자막때문에 말을할 필요가 없다. 이점만 고쳐주면 별5점,5,4,0.2.0,2022-12-12 20:42:34,"안녕하세요? 브루 팀입니다! 좋은 말씀 남겨 주셔서 정말 감사합니다. 말씀해주신 내용에 대해서 조금 더 여쭤보고 싶은데요, 괜찮으시다면 vrew-android@voyagerx.com으로 메일 한 통 보내주시겠어요? 이외에 문의사항이 있으시면 또 말씀 남겨주세요. 감사합니다!",2022-12-12 11:28:30,0.2.0,googleplay,ko,kr
19702d1f-4541-41a2-bb16-2522341ac73e,장진영,https://play-lh.googleusercontent.com/a/ACg8ocJQ1XFe6EC1B16pRA2AKPvrQElJ6g3Tx0eQ2-1oZm8JaRxeRw=mo,자막 자동 인식. 변환. 편집도 쉽고. 이건 무조건 써보세요. 써보면 바로 이해되요. 그리고 광고는 언제 나오죠? 동영상 하나 자막 만들고 저장하는동안 못봤어요. 너무 깔끔해서 좋아요. 저장하는동안 광고 한두개 나오는건 이해할수있었는데 말이죠. 너무좋아요!! 제발 유료전환 되더라도 제가 결제할 수 있는 수준으로 부탁드려요~ 감사합니다.,5,75,0.2.0,2022-11-29 07:31:06,,,0.2.0,googleplay,ko,kr
69508eee-c282-403c-84ce-d8d1ef6e8ab0,newjeoung,https://play-lh.googleusercontent.com/a-/ALV-UjXr-nb_dcMriGH2xFTKdk-4fjWI6Vq_RojPTa-RcYtcIp3_aNIl,와.. Vrew 이 프로그램이 어플로 나오다니.. 바로 절하며 별 5개주고 시작..,5,0,0.2.0,2022-11-24 10:15:48,,,0.2.0,googleplay,ko,kr
78dbb883-3c1e-4ee5-91c9-e144afc6fc7e,이광호,https://play-lh.googleusercontent.com/a/ACg8ocIUClGV6SWJe2Mlck4ljRTZIjkXNtAxz9jDzWs9UTcSyuY72Q=mo,아주 맘에 듭니다. 최고최고,5,2,0.2.0,2022-11-23 02:17:49,,,0.2.0,googleplay,ko,kr
ffeb93f3-5700-4074-aaf0-3e3de5cede03,한정혜,https://play-lh.googleusercontent.com/a-/ALV-UjU_XjtyPb-8_n5a2fvSkwqCiD-ONq9RUSOcKrILG74aXLtEB8y2qw,스타일 기능은 언제쯤 적용되나요? 안드로이드에도 생겨서 좋긴한데 영상도 디자인이 중요한데 자막 스타일 변경이 안되니 아쉽네요~,4,2,0.2.0,2022-11-16 10:20:08,"안녕하세요? 브루 팀입니다. 안드로이드에서 자막 스타일을 설정할 때는, 자막줄을 누른 뒤 자막 수정 화면에서 [스타일]을 눌러주셔야 합니다. 찾기 어려우시거나 더 설명이 필요하시다면 자세한 설명을 위해 vrew-android@voyagerx.com 으로 메일 한 통 부탁드릴게요 (o^^o) 감사합니다!",2022-11-21 14:03:28,0.2.0,googleplay,ko,kr
69553af9-44ba-4749-b991-b5c1c3155953,이종완,https://play-lh.googleusercontent.com/a/ACg8ocKu2PyL1v1DmPytf1vjyBR8DxMu8AFhzafB12kdVQujS7r6JA=mo,pc버전은 자동 번역도되는데 앱은아직인가요? 하지만사용하기는 편해요,3,1,,2022-11-10 21:59:24,,,,googleplay,ko,kr
5d8b4078-4bfb-4d71-8e5c-5fc10a516dac,朴仁淑,https://play-lh.googleusercontent.com/a/ACg8ocJ1xSufgu1phUGzIsn9C4ytCFfRHNju4Ee0eOWUbWOKKFgHjQ=mo,너무 좋아요 편집 초보인데 요즘 즐겨사용하고 있어요.,5,1,0.2.0,2022-10-22 20:43:17,,,0.2.0,googleplay,ko,kr
9fc6355b-8c07-4102-ac97-8f3802649d26,꿈돌이,https://play-lh.googleusercontent.com/a-/ALV-UjVHHFI3TX1RqVmqLdYJr2JY08XqzEIUcEZ4tRhuaVPcyCicv-9B,아주 잘 사용하고 있습니다.,5,1,0.2.0,2022-10-07 10:10:25,,,0.2.0,googleplay,ko,kr
740b6c85-4487-449a-9590-e5ef461d5b4c,박정전,https://play-lh.googleusercontent.com/a-/ALV-UjXifZQfrCtamxeOfL5tGLYMqVyG-ibsYWbJssDRYeChShodgrMc,동영상 편집기의 처음보는 놀라운 기능...아주 좋습니다.,5,0,0.2.0,2022-09-29 10:55:05,,,0.2.0,googleplay,ko,kr
d16c951c-efe2-497f-9169-cad54face85c,ykpaws story,https://play-lh.googleusercontent.com/a-/ALV-UjXaSZouqL0ONO5KNJXdY2tQE_sJUdccHdHgDbmRrermbS85yPum,최고에요. 드뎌 안드로이드용으로도 나왓네요 너무 감사합니다,5,1,0.2.0,2022-09-29 03:55:13,,,0.2.0,googleplay,ko,kr
14b8ddf0-0af8-4c58-b893-d482b048fbb1,이경화,https://play-lh.googleusercontent.com/a/ACg8ocJto_GT7W3A1v9eF5Axlmbp9VNvqAaHW4qGNHwXokWLVYmjbg=mo,재미없어👋,1,3,0.2.0,2022-09-26 19:22:17,,,0.2.0,googleplay,ko,kr
ade90206-7f8c-4168-9ae4-7ad24db9092b,Young Je Kang,https://play-lh.googleusercontent.com/a-/ALV-UjWhCoUopssX_r68-FSCIBpNHFtG5lrjQwUVRk2UI9jeHsZMftc,자막생성 영상속 음성추출 자막생성이 아주 엉망진창 입니다. 단 한줄도 읽을 수가 없네요,1,14,,2022-09-26 15:03:30,,,,googleplay,ko,kr
5d1ceadf-3673-414c-8b9f-d404fb12b32e,늘 푸른소나무,https://play-lh.googleusercontent.com/a-/ALV-UjVRMrXsuCnw5R0iDn7Hz4jJsIC2ZWIjl-jEK1gp9S8MKs60mW3XYw,신속,5,1,0.2.0,2022-09-19 13:31:04,,,0.2.0,googleplay,ko,kr
03c8c8f1-d08b-4f07-ab84-0895faaeab49,이성수,https://play-lh.googleusercontent.com/a-/ALV-UjUQ7dcIWXyoMQPaieadzxo3LMDtbDjYvD-LVriGqN3_jD1GKARw,이게어찌무료야 최고,5,1,0.2.0,2022-09-18 09:56:08,,,0.2.0,googleplay,ko,kr
d7cbc2d9-817e-49ce-af58-1582641238a3,so yeon Kim,https://play-lh.googleusercontent.com/a/ACg8ocLE5t1wrIRhOEez-7EbT1lHmQCD6kZfHdzEpH27bLZDNPJsAQ=mo,자막 넣기 너무 편한데....대부분의 영상의 소리가 안나오거나 음성이 늘어지게 나옵니다.,2,10,0.2.0,2022-08-16 16:41:55,,,0.2.0,googleplay,ko,kr
49720c56-45d0-42be-ad0b-a72076bfb04c,강두호,https://play-lh.googleusercontent.com/a-/ALV-UjVXf5B72MEyM_oolTBJmAXIc6WRbaatjtZTesa8umTsnoFk4WII,자막을 생각보다 쉽게 달 수 있어요 하지만 자막의색을 변경 하지 못해서 좀 아쉽네요,5,4,0.2.0,2022-08-10 03:18:51,,,0.2.0,googleplay,ko,kr
e60e9a25-1f78-426f-a7a0-e1f341b24c07,Amanda Kim,https://play-lh.googleusercontent.com/a/ACg8ocI3OqxviFAgDKt1K9Yao6OriLA76oRrBnHuEWYn0nuWZ8pAqio=mo,"우와 너무 감격스러운 마음에 구글플레이에 처음으로 후기 써봅니다! 브루 모바일 버전 올려주셔서 너무 감사합니다 ㅠㅠㅠ 한가지 궁금한 점이 있습니다! 저는 갤럭시탭으로 이용하고 있는데요, 화면이 세로로밖에 안나와요 혹시 가로로 전환되는 건 언제쯤 가능할까요? 꼭 부탁드릴게요!",5,44,0.2.0,2022-08-10 03:04:42,,,0.2.0,googleplay,ko,kr
0f135dff-572b-4a1e-b884-5104a3b6136f,ChunMyeong Lim,https://play-lh.googleusercontent.com/a-/ALV-UjWBEuWdoR2NAToizsg14xv_mg_mxNZCI833WuBm4T7foHSgYeu4uw,"편리하고 좋아요. 다만, 폰트나 자막글자디자인이 많았으면 합니다.",5,6,0.1.0,2022-07-19 10:33:12,,,0.1.0,googleplay,ko,kr
c771f318-fe50-4a20-bcea-d6818e3bec98,Jwicjen Pfn,https://play-lh.googleusercontent.com/a/ACg8ocKzzmgGtF12qMy-wiFOWAUnGp6G2jhgtKacTP5uSTK1ED6LNdA=mo,혁명...,5,0,,2022-07-08 06:50:45,,,,googleplay,ko,kr
726ff73e-0fbc-465d-8a40-610d206f77e0,박귀염이,https://play-lh.googleusercontent.com/a-/ALV-UjX695EtjOXFManuenRgMdR6I-t8UttPwqdS1-mQXcydMPyR60hX,😭😭😭😭😭,1,1,,2022-07-07 12:23:06,,,,googleplay,ko,kr
9baee8c0-1204-4785-8643-86f02cb4dd2b,박길영-너목보 농부발라더,https://play-lh.googleusercontent.com/a-/ALV-UjUnbSSOWVlyRq171tmaoQhIlLC72Mry97tX28IolRda2xQaK0g,내가 본 어플 중 최고,5,1,0.0.4,2022-06-17 07:46:49,,,0.0.4,googleplay,ko,kr
06ee5237-8bcd-4420-b951-086a61cb028d,권은선,https://play-lh.googleusercontent.com/a/ACg8ocICP3QEn_9n3ODOME3bYRVBVVRwkxEA7HeSPClAAAbog-jhHw=mo,자막넣기가 쉽네요,5,3,0.0.4,2022-06-16 00:50:24,,,0.0.4,googleplay,ko,kr
a36a5d39-cdf4-4130-a41f-964b19dfd91e,권효준,https://play-lh.googleusercontent.com/a/ACg8ocInsfE-kj1IFNHMp5HurGAQP5_En8FCIMurnCras_1kffDK=mo,와 안녕하세요 전 김준우 인데요 아니 앱이 너무 오래 걸려요 이거 깔지 마세요 그리고 너무 늦게 떠요 10점 만점에 백 점도 안 돼요,2,2,0.0.4,2022-06-14 10:13:51,,,0.0.4,googleplay,ko,kr
a39b0236-9449-4281-9c93-4dc080ac422a,이나연,https://play-lh.googleusercontent.com/a-/ALV-UjUNs1gJZO_-egfwrR67HNGcgrj-f_Vw4aaAkZC-xHWmPhagifatAA,쉽고 빠르고 간단하고 결과물도 깔끔한 완벽에 가까운 자막앱 약간의 흠이라면 음성 분석을 맡긴 영상은 음성 인식된 단위로만 자막을 자를 수 있어서 음이 뭉게진 부분은 제대로 편집할 수가 없어요.....,5,13,0.0.4,2022-06-08 23:38:29,,,0.0.4,googleplay,ko,kr
a52ef08c-58e2-4840-a2c1-6999c35d47a2,황인환,https://play-lh.googleusercontent.com/a/ACg8ocIik_hBXfz_0LiMo9IYSDIEUNwHh4V3YFQEhheGL1qyO0azqQ=mo,너무너무 좋은데요? 그런데 단점 두가지가 있습니다. 1.음성 녹음이 됀다. 2.녹화 누르고 시간이 가는 동그란게 영상에 나옵니다. 삭제하면 녹화를 어떻게 끝낼지 모르겠더라구요. 이런것들만 고쳐주시면 10도 더 드리겠습니다. 이 앱 아주 강추 합니다.,5,12,0.0.3,2022-06-05 08:32:18,,,0.0.3,googleplay,ko,kr
03a95a82-449f-4a2f-89ec-58e227fa3ced,수남,https://play-lh.googleusercontent.com/a-/ALV-UjWdGvmso1YPmISuvL_su4rdMZRibPjE8Zn_YamVCANds8gCndA,노트북으로 깔아서 이용중인데 최근 업뎃 되어서 그런것인지... 이젠 영상 변환 안하면 자막이 안뜨는게 조금 속상합니다 ㅠㅠ;; 이거 어찌 되돌릴수는 없는것일까요........... 너무 잘 쓰고 있었다보니 너무 실망감도 큰 상황입니다 ㅠㅠ...,5,12,0.0.3,2022-06-03 00:04:10,,,0.0.3,googleplay,ko,kr
c5bd30bc-22df-45b0-8848-6d506affe453,노르자,https://play-lh.googleusercontent.com/a/ACg8ocLkYSew-xAKf8Qa8fIaDMdou8XC-2bTcydmPx0Ooo6ejIZ1lg=mo,내가 경험한 최고의 동영상 편집 프로그램. 음성을 어절로 잘라서 영상편집이 가능한 시스템은 진짜 획기적이고 음성을 자동으로 인식해서 자막을 만들어주는 시스템도 최고임. 쓰다보면 빠질 것임. 언제 유료화될 지 모르겠지만 그때까지 마구마구 쓰고 싶음.,5,34,0.0.3,2022-05-31 20:10:50,,,0.0.3,googleplay,ko,kr
13cf2e0e-22d0-4eca-8b63-f7c2f4568341,까먕,https://play-lh.googleusercontent.com/a-/ALV-UjU2URDbELuDsvzQohQJKTogm3KyBMp11sD90ICelR42p7uoAHh8,너무너무너무 편해요 근데 폰트나 자막 위치 조정할 수 있으면 좋겠어요...,5,3,,2022-05-29 08:54:36,,,,googleplay,ko,kr
f12beed5-8443-4fb9-af9f-b32467c80bb8,kicheol kim,https://play-lh.googleusercontent.com/a/ACg8ocIkEEeq1Ezr-osxOaPtKsWBD943sMBmgPyIgJhPY_kt_HrcpQ=mo,피씨앱이 좋아 써봅니다.,5,2,0.0.2,2022-04-27 16:25:44,,,0.0.2,googleplay,ko,kr
8b6df46a-115f-484f-adac-8e55963db77f,Sung Min Choi,https://play-lh.googleusercontent.com/a/ACg8ocJXFfEBhyobD3S6yKQe7rQvgM0edZvE_BIfZSBzwqBmc4IavQ=mo,자막원고파일 합성기능이 추가되었으면 좋겠습니다,5,4,0.0.2,2022-04-19 16:15:35,,,0.0.2,googleplay,ko,kr
799ea9f9-997d-4a9b-acc2-1249b38dfc30,yegham 1711,https://play-lh.googleusercontent.com/a/ACg8ocLn0Wuhz_OlXAivfFsq1zm6lzFq3W3EehdxKk0xxFTtvecFlQ=mo,인식률 좋고(음성변조한 파일도 인식너무 잘되네요) 사용법 직관적이고 자막계에선 최고죠 안드로이드 서비스 너무 감사합니다 자막폰트 추가 부탁드려요 ^^,5,8,0.0.1,2022-04-11 02:41:13,,,0.0.1,googleplay,ko,kr
1adff941-61df-42aa-81e0-6d346821e991,Routine Drive POV,https://play-lh.googleusercontent.com/a/ACg8ocIVSiKEYsxGQ2d7yYx9lYKrpPtA4dgshuRC0SCxLDEiJa4QeA=mo,동영상 자막을 쓰려고 이용하고 있는데요..어제는 동영상 음성이 매우 느리게 나옵니다.그러다보니 늘어진 테이프소리 처럼 들립니다. 정상 음성 속도로 하려면 어찌 해야 하나요?,5,8,,2022-04-04 00:02:58,,,,googleplay,ko,kr
ebd429db-cef1-4178-8ad7-9efcf6b6a314,이재환,https://play-lh.googleusercontent.com/a-/ALV-UjUFzF_uC0wKAy3lqGAcP_R672DEBr3YUQF4scZi1F8JuhttU2VH,이것 좋은데 내가 찾던것,5,3,0.0.1,2022-04-03 14:06:33,,,0.0.1,googleplay,ko,kr
13280fbd-53aa-4f02-9274-e32eddb1cda8,doolim kim,https://play-lh.googleusercontent.com/a/ACg8ocLYdcxvVHg2dqNJ6EtxObBh3Hn7DuU-YJ0wyisX8Y6ytdE0zw=mo,저장이 안되고 튕겨나가요ㅜㅜ,1,6,0.0.1,2022-03-31 01:59:21,,,0.0.1,googleplay,ko,kr
5440520b-a3f1-4fc0-be8f-1fbd355d6a73,김영일피디제주도,https://play-lh.googleusercontent.com/a/ACg8ocJauyHeDvsBq0QyIFnxnXK445YE0tAEWPT7Cm-xdarpKK_I4w=mo,불편,1,5,0.0.1,2022-03-13 17:50:47,Vrew가 사용자님께 만족을 드리지 못한 것 같아 아쉽습니다😢 혹시 어떤 부분이 불편하셨는지 조금 더 자세히 알려주실 수 있을까요? vrew-android@voyagerx.com으로 소중한 의견 보내주시면 듣고 더 편한 Vrew를 만드는데 참고하겠습니다. 오늘도 좋은 하루 되세요!,2022-03-24 15:48:26,0.0.1,googleplay,ko,kr
89958699-b77f-43a7-9d2e-ea8b6bf0c03a,이금용,https://play-lh.googleusercontent.com/a/ACg8ocLE4vVDQcatSgpOl1sLsElMr7yhkGkIvxLsUf8CWbeJI0-zQQ=mo,유용하게 사용할 수 있을 거 같아요. 아직은 자막스타일 수정은 안되네요.,5,7,0.0.1,2022-03-12 01:23:27,"리뷰 감사합니다! 자막 스타일이라 말씀하시면 폰트나 크기, 색상 등에 대한 설정 말씀하시는 거죠? 이 부분도 하루 빨리 제공할 수 있도록 노력하겠습니다!",2022-03-06 11:39:30,0.0.1,googleplay,ko,kr
cce5abb0-33a3-401d-a335-77686c4c8989,탐스TV,https://play-lh.googleusercontent.com/a-/ALV-UjWe0vQuYS7RcyCsSXG-hKASqRZlwCmNiJ-c_CMTaYQL24y567t_,좋아요 안드로이드 버젼이 드디어 나온건가요 베타인가요?IOS처럼 화질설정이나 다양한 기능 넣어주세요,5,1,0.0.1,2022-03-09 16:32:36,"별다섯개 리뷰 감사합니다!
소중한 사용자님들을 위해서 더 많은 기능을 제공하고자 열심히 노력하고 있으니 사용하시면서 많은 의견 부탁드려요😊",2022-03-11 15:49:00,0.0.1,googleplay,ko,kr
d02d7e92-8c44-4f8f-af89-9a25171482e7,윤민호,https://play-lh.googleusercontent.com/a-/ALV-UjV_ZOn6jW6bxwNvchbZ8SaygvTh22ZBCIethgz1u3QNaDCodJFO,진짜 개좋음 ㄷㄷ,5,3,0.0.1,2022-03-05 11:52:32,별다섯개 리뷰 감사합니다! 쓰시다가 혹시 필요한 기능 있으시면 편하게 말씀 주세요😊,2022-03-06 11:38:59,0.0.1,googleplay,ko,kr
be6ec147-03d6-4b58-8b96-5a34521aa21d,조익찬,https://play-lh.googleusercontent.com/a/ACg8ocIf1yTbyTU_2gJQKk6TnoicRKLlzYMKLcEvwJfoXjd_GlosyQ=mo,다른 영상 편집앱에 비해 조작이 너무 간편하고 쉬워서 아주 잘 이용하고 있습니다!!,5,23,0.0.1,2022-03-03 16:34:27,설레는 리뷰 감사합니다! 앞으로도 쉽고 편하게 사용할 수 있는 영상편집앱이 되기 위해 노력할게요😘,2022-03-06 11:40:00,0.0.1,googleplay,ko,kr
e82da552-6c58-4614-9ab7-07430a14efc2,최요섭,https://play-lh.googleusercontent.com/a/ACg8ocK5UelWypBcpB_rMwIBZvvU370WPcg6F7pJIAAgbzCOzup1Ew=mo,핸드폰에서 브루를 쓸 수 있어서 너무 좋아요 ㅠㅠ 모바일버전 나와서 좋아요🤣🤣,5,3,0.0.1,2022-03-03 15:55:29,감사합니다! 앞으로 더 열심히 하겠습니다😍,2022-03-06 11:40:17,0.0.1,googleplay,ko,kr
02a8c281-514c-41f5-86d5-aee466018863,P West,https://play-lh.googleusercontent.com/a-/ALV-UjUO4MLdoVqyhlweYES7O1Zc7ZJXI5FNBgBg41pdCbh7i-rk_BDN,Will ai voiceovers be ported,3,0,0.2.6,2025-11-24 10:00:45,,,0.2.6,googleplay,en,us
06def1e1-a0cd-4113-b7d7-1de2c77edc71,Haseeb Javed,https://play-lh.googleusercontent.com/a/ACg8ocLaGHsNaaznhcMwT2eD4M9ORrsra8cYGnE-UPXlFVIAYOEZfw=mo,"The search function is powerful, I can find a dinner based on just two ingredients",5,0,,2025-11-04 22:11:42,,,,googleplay,en,us
03fbf864-1bf0-4dba-a8ec-24b453039418,LVCH LOVER,https://play-lh.googleusercontent.com/a/ACg8ocJ9jNhM2GAz0b7JVqC-Op4STIeoKQPzRDYgMV4VEAzNqz1pCA=mo,"love it. please add more languages, and fix the sound bugs",4,0,,2025-10-24 05:02:59,,,,googleplay,en,us
ecdaa575-4d66-40a6-8656-50d930b9a09c,Rachéd,https://play-lh.googleusercontent.com/a-/ALV-UjVIQBuigwShVx2t01HA3BRzB_xbOKTwtl6onaevNxlnHJ99Drga,"a good app, captions are on point, but when I do the generation on videos, often it generate a slow different voice distorting the video sound, as it's not the same. hope you fix that",3,1,0.2.5,2025-08-19 03:56:38,,,0.2.5,googleplay,en,us
8ac9b240-0ba2-4974-8528-fc7f3f1410b0,Sharven Kumar,https://play-lh.googleusercontent.com/a-/ALV-UjWwcCy__N9qcnpSrUXkN2l1M7clQ_AXRarOJXTSD3tp53PbNbDOzA,Are there any subtitles,5,0,0.2.5,2025-07-09 13:21:42,,,0.2.5,googleplay,en,us
68a31966-80e7-4c21-a7e3-775f45918d50,Not Foryou,https://play-lh.googleusercontent.com/a/ACg8ocLw5ZHIxaiOwTKAXL02rxFB8HnNKyXHV-mZH6GGENDcKzwlnw=mo,i hope you can add language translate like chinese to english,5,0,0.2.5,2025-07-01 07:31:44,,,0.2.5,googleplay,en,us
af165a1d-de75-4184-ac51-70a914b5139f,Hotview clothing,https://play-lh.googleusercontent.com/a/ACg8ocJ70QjM4xf1v4WB1-xVgW49pQ-_LFdRLPpWRIxssqqTvR3uo5w=mo,good app but I think it should be aloud to move the caption to middle or top,5,5,0.2.5,2025-05-11 02:40:39,,,0.2.5,googleplay,en,us
b880e854-31f6-4e92-ba90-6a6570c55928,Chiemerie Kafor,https://play-lh.googleusercontent.com/a/ACg8ocLsi6ww5d53f-y_sW615Qdge07D7pcMx0QVp7C1GZyNbjgTzA=mo,It's nice,1,0,,2025-03-05 04:50:29,,,,googleplay,en,us
0e36cc61-f537-4542-b4eb-5a911e445bf0,Purba Lingga,https://play-lh.googleusercontent.com/a-/ALV-UjXdwDrlE70WJjyjA9rQIt_21xjp8hVeo5AVe3IiM7wOJosH4LdQ,Working perfectly with me. Thank you.,5,0,0.2.3,2025-02-11 07:10:43,,,0.2.3,googleplay,en,us
71a0ebcf-acb4-4990-8ffb-8abdffb06a6e,shazeela asghar,https://play-lh.googleusercontent.com/a-/ALV-UjXHI7Nr8sYSP_rter_VwCswdkbJ1VQGqTkn4kki_bBJCnjiYNE,Text on images,1,0,0.2.3,2025-02-07 19:02:31,,,0.2.3,googleplay,en,us
a01c5277-b575-46e9-8302-945d951c781f,Rf Xxc,https://play-lh.googleusercontent.com/a/ACg8ocLFt2gjzhN5WC9MNMy5ZuI-nZ5jRdisCrGXNL8Pq7JeVSVG3Q=mo,fake app P😡😡,1,0,,2025-02-03 11:20:52,,,,googleplay,en,us
451f6297-091d-432e-bb85-b664c1757d10,Mercy Well wisher,https://play-lh.googleusercontent.com/a-/ALV-UjVZIzQVD59bGkZNXtfpHlopsQAxzkIbXtO7hzBKofIWHoEOXPc,Ewww 😢 😭 😿,1,0,,2025-01-29 06:29:22,,,,googleplay,en,us
0482d1bc-7215-4b13-9edf-397656c2645a,ilmlx,https://play-lh.googleusercontent.com/a-/ALV-UjVhiGvlK8MODXY1bsTfjTNSyVesXLG12KF7zorkxrav7TKH4Q6A,add turkish,1,0,0.2.3,2025-01-18 01:32:07,,,0.2.3,googleplay,en,us
6e1441fd-7d27-4098-ab4f-db3dca91ffba,anwr alimn,https://play-lh.googleusercontent.com/a/ACg8ocKA-1XS5oFKDqjyL46OSjSpU9qiHJQzCwUi-zscDqQqe0TgzQ=mo,روعع,5,1,,2024-12-22 05:54:55,,,,googleplay,en,us
bd94bef6-4e4e-46ae-ad86-c48864acb315,Noah Alex,https://play-lh.googleusercontent.com/a/ACg8ocJZmEiQkePP4cVOn0fiEypSpoVbciMDvL9RnzF3kWNRCBvUSg=mo,Amazing app,5,1,0.2.3,2024-11-21 07:35:02,,,0.2.3,googleplay,en,us
ab626790-0920-4af8-be1f-eeef4fd2f1d2,santosh pardhe,https://play-lh.googleusercontent.com/a/ACg8ocJFWUyfAMhRX4CmT7NswEgIcj1w0dmMh4clTSx-vLd5POw0MA=mo,Please add Tagalog language,4,0,0.2.3,2024-11-11 18:51:41,,,0.2.3,googleplay,en,us
50c01b35-ac72-4356-8f63-69b96e03655d,Abdulkader Khattab,https://play-lh.googleusercontent.com/a-/ALV-UjU0otephewssKwfJyZenGY-T9VeVVrjZ4qAaQIhP7JL4-P_fAY,The subtitles aren't correct. Plus it skips lots of words from being translated. Apps still needs lots of development. Extra star because it is Ads free.,2,0,0.2.3,2024-11-02 00:28:13,,,0.2.3,googleplay,en,us
80dbc217-1003-4497-8760-c1c5b1766be5,Muhammad Imran,https://play-lh.googleusercontent.com/a-/ALV-UjWYAaPmGSpbwVpprTouIdRcVdwSMwt7zXpluVp29kswbpSoz9gk,Ze eZezzzee zzzzzzzz,5,0,0.2.3,2024-10-29 10:40:52,,,0.2.3,googleplay,en,us
fa716043-2acf-4990-87b9-232803f2d95b,Sourav Basu,https://play-lh.googleusercontent.com/a-/ALV-UjU6GV12R5SgD3wRP8jL71GovTxwLuqlxQ-O47nEFxaugcTljpv7Tg,Good so far.,1,0,0.2.0,2024-09-30 06:04:56,,,0.2.0,googleplay,en,us
bf4ab67c-14f1-42f3-ab61-fc8b1ce498f0,Shwetambari Balsaraf,https://play-lh.googleusercontent.com/a-/ALV-UjWqcCHihiK5M0h2Q2gG0SYBN3jG2IGVozVtz89OEjW9pM8yQepV4w,Ngl.. legit it is very good app for exact captions I love it. Thankyou so much,5,3,0.2.3,2024-09-11 03:07:03,,,0.2.3,googleplay,en,us
72f8ec51-e784-4ef6-aa6f-48559f9c7e9d,Mr. E,https://play-lh.googleusercontent.com/a-/ALV-UjVbk_mk5MBHfovTi_7c6fRMVDYw9kWx9T3d71EIENkeOdWTBkwv,Why does it take a long time to export videos?,4,0,0.2.3,2024-09-07 21:15:54,,,0.2.3,googleplay,en,us
ceedc4fa-39af-4d7c-bad4-d053a483431a,Senguttuvan R,https://play-lh.googleusercontent.com/a/ACg8ocI9qM9Nw_UdKtDRmfUeRcl2CnOjEg6VD7aCUBXRbJukrGKg8Q=mo,Good,5,1,0.2.3,2024-09-02 20:52:10,,,0.2.3,googleplay,en,us
0b5b33c8-ee19-4f96-9a02-ea0815523589,Mason Wayne,https://play-lh.googleusercontent.com/a-/ALV-UjXmV3SkOHjnhUFSbPwVBrKPYezHQqVGwmWTV_EiuuRhPd_pcxk,It's a freaking scam.,1,0,,2024-06-29 13:06:43,,,,googleplay,en,us
8f5c3c8d-4962-4e8b-b280-acbd5a311768,AnwaR Abu-ALsheikh,https://play-lh.googleusercontent.com/a-/ALV-UjW69zi5QhzItIC5dDR3eIpTnFjaiZ8_TEfuLEKE_f1dQOe2p9wdbQ,"Hello, the best program I have used so far. Thank you. I hope you update it over time and also keep it special and free. Thank you.",5,1,0.2.0,2024-05-16 00:48:22,,,0.2.0,googleplay,en,us
0dce2209-6f5d-4055-bee3-840493f3fbab,Black Boord (Antonio Robinson),https://play-lh.googleusercontent.com/a-/ALV-UjWhTZGYUxBUX7UDoa_PG8cBVHya6OjzDaAKVU1DTrGEIevhv5Xi,OK number two will be over,5,0,0.2.0,2024-01-25 04:03:50,,,0.2.0,googleplay,en,us
dd3d7751-d399-4148-85b3-6383bdaf6c86,Tahir Taous,https://play-lh.googleusercontent.com/a-/ALV-UjU8JEAj2LHPH8li3Js86AL6gl5HinRWL62v-tup_r2vFSgbYemPmQ,"Jan 1, 2024 It upload audio for Analyzing a transcript from the audio. Which is slow and app crashed when I tried to export the final video.",3,5,0.2.0,2024-01-01 07:27:23,,,0.2.0,googleplay,en,us
0b844568-5417-4a9d-981d-2bbff0878461,Asamoah Eben,https://play-lh.googleusercontent.com/a-/ALV-UjUo5NgBYJiKlGNXeqrjNHjt1jQhIknpS6f0Y-J_r1eoFNfGqVdi,This is a great app. Does the job pretty well. You can even edit captions 👍,5,0,0.2.0,2023-12-10 05:33:01,,,0.2.0,googleplay,en,us
7794da53-1676-4037-907c-75d0493d1690,Samah Abdelkawy,https://play-lh.googleusercontent.com/a-/ALV-UjU4dUQN45mk4xvJOe8_z9s76iC93yS4J9RgClL53p4VZJ-75W0m0g,I need more options for the word writing as the words move but so far it's great,4,0,0.2.0,2023-11-18 22:18:45,,,0.2.0,googleplay,en,us
bd543c9f-4281-42b8-8a49-8c17ed0df772,nilghar Addul,https://play-lh.googleusercontent.com/a/ACg8ocIKvCI3hGWXTCOnv4n39Oav46_Fi6U7q-A1nqeOobM_D2upPg=mo,Hindi not support,1,0,0.2.0,2023-10-09 17:21:45,,,0.2.0,googleplay,en,us
45765909-0994-49b5-bc8c-6e765505495f,Riyaz khan,https://play-lh.googleusercontent.com/a-/ALV-UjXSzIYdX0R0w_yUiSsWaRMiaJS_7C9ESMG7-ovWjdoEtqhSsXE,Great apps...but please will you make a video how to use it because it's very hard to understand it,5,0,0.2.0,2023-09-26 03:41:44,,,0.2.0,googleplay,en,us
b7347077-bfda-4dc5-b936-5a01ca56653f,Regino Waga Jr. III,https://play-lh.googleusercontent.com/a/ACg8ocJaIxZv7AWu2i_QH-s8SswjGzR4Pv1LxZ_L_8diC9UfV9TyPQ=mo,One of the best!!!,5,1,0.2.0,2023-08-20 11:44:57,,,0.2.0,googleplay,en,us
9386e9ba-27b8-49a2-837c-875ced54b5eb,Roche Savik,https://play-lh.googleusercontent.com/a/ACg8ocK4vT9sRlVbSQ5MfZUOF00gGbVbbEPiv3YLQqIHML6dFKUVZQ=mo,Great app 😀 can you add arabic language please and thank you for your work.,5,0,,2023-08-13 21:36:31,,,,googleplay,en,us
a0368c7c-8ee5-4907-8d01-da6fc394aa71,RAVINDER SINGH DHAMI,https://play-lh.googleusercontent.com/a-/ALV-UjXpuxxQtk2GzJwf6pXYpbTmo6beFGRihREYfcg_heKQj2W-DhFS,best app litterly best,5,0,0.2.0,2023-08-04 21:47:06,,,0.2.0,googleplay,en,us
d6ef28ad-82d9-4328-a947-f62f659947f7,SHUBHAM SETH,https://play-lh.googleusercontent.com/a-/ALV-UjXmoNw2NaZwWKQ-64UH-GeLj5X615l7RSSzFqHro_jqGkDP3tEg,Very poor app don't waste time,1,1,,2023-08-03 13:46:37,,,,googleplay,en,us
9dc671f1-e61d-4bb9-adc9-d68864e91717,pooja dubey,https://play-lh.googleusercontent.com/a-/ALV-UjUpZEZvOLAc5qgQlzKrAcv3Ty4jJ7s6lo6AjCrBeUbbFI-2XKtm,Awesome.... Just plz add some design to caption's,5,1,0.2.0,2023-07-30 13:35:53,,,0.2.0,googleplay,en,us
0389ebcd-28b6-4872-8ce8-979f480755f4,b.,https://play-lh.googleusercontent.com/a/ACg8ocKg5Wccsc_LB70dTMUXgnoDVjk4BGyQ56FOZlwHrNcEydD909w=mo,the app doesn't work i wrote my subs and when i press export it shuts down everytime and it's sad cuz the app have a really the best way of timing the videos out of all apps i used,1,31,0.2.0,2023-07-06 19:38:38,,,0.2.0,googleplay,en,us
0194a5ee-8235-448c-9d89-fec7047b5324,Unaiz. H,https://play-lh.googleusercontent.com/a-/ALV-UjXNq5jXo4Y-MmZCfCvS1Fak09n8SKrjZ9C6UPxINWkzAefeRUb3,Awesome app to add auto captions to your videos. 10/10 👍,5,0,0.2.0,2023-04-03 01:41:12,,,0.2.0,googleplay,en,us
e944ebb4-a8b2-4369-8b56-01523955fd94,giddaiah bogguru,https://play-lh.googleusercontent.com/a-/ALV-UjUFUeGkgd_ZWktMYddN30QzTaqiKf3lAu5IwEDcmYvjX46MlC0,Really very simple and logical text editer.i am very happy finally found this app . thanks to the creator of this app,5,0,0.2.0,2023-03-26 22:21:55,,,0.2.0,googleplay,en,us
bf38dec9-bd4f-4bcd-aa90-9e903a0feb89,Rustam Ali,https://play-lh.googleusercontent.com/a-/ALV-UjWwchLewUuTWhNiXSm_TWslI4aliRN8X1XpbHfNcRx3mqog5hPHEA,"1.Why Crashing When Export Video. 2.Please Add Hindi, Urdu, Turkish & Other Language for Transcript.",1,0,0.2.0,2023-03-17 02:10:47,,,0.2.0,googleplay,en,us
76c83fbd-4155-4df0-ba92-2baa6dbbb089,daniel,https://play-lh.googleusercontent.com/a-/ALV-UjUQiklGLRsXAv71wD7n3PeDOlYUag0yR4lOILUEXNleifdDGRFH,Please add the option to import a subtitle file as a base. and also being able to export it as a srt file alone feels kinda neccessary. good work on the app!,4,4,0.2.0,2023-03-12 10:02:12,,,0.2.0,googleplay,en,us
e8d06926-400b-47c5-ba1d-2a0d9d1df549,Shah Reedham,https://play-lh.googleusercontent.com/a-/ALV-UjUE4dmv5F-AHzNLvytFlH36N_767XnKeaWB-nQKk1XQ0BD3rpA,It's really great app without any junks and ads. Easy to edit your own subtitles. Awesome 👍,5,10,0.2.0,2023-02-19 13:32:00,,,0.2.0,googleplay,en,us
f3d8b103-76d4-4f75-9a86-3644a44b0f3b,Abhay Kawde,https://play-lh.googleusercontent.com/a/ACg8ocJqIQUpfweUZEd5MH7u_Ev6rLxwovxye6OG6bEzaJ6r16dSAQ=mo,Best app for captions,5,0,0.2.0,2023-02-12 14:15:18,,,0.2.0,googleplay,en,us
77877d72-27e5-4bc2-a964-55905470ceb2,Arzoo Sinha,https://play-lh.googleusercontent.com/a/ACg8ocI2rTwil4pYKPr6nRPNwMPkiKHOEE4OzkWCPl8fjjf7svj9Mw=mo,Just awesome ..just took me 5 mins to put captions to my reel,5,0,0.2.0,2023-01-26 19:06:41,,,0.2.0,googleplay,en,us
ca57f57e-0740-4b67-943a-45551060aadb,Suraj Prakash,https://play-lh.googleusercontent.com/a-/ALV-UjX-J0YLIeJGHj2l0Apq4bEF_o18hO56nGjhdM9QeiJeQQw2uBxa,Very nice app easy to make video editing,5,0,0.2.0,2023-01-12 19:37:50,,,0.2.0,googleplay,en,us
691d5cfd-dcd7-418b-afd3-113f91980011,MOTHRA,https://play-lh.googleusercontent.com/a-/ALV-UjWWK7lm-UNgaTyhLFPLUkXoWKItJ5CbIFc56Q7_NQG0bll6uIm_,"i suggest adding the ability to edit select parts of text to be in the style you want , as currently changing the style changes all of the text instead of just one select part. other than that works well!",5,24,0.2.0,2023-01-10 01:07:39,,,0.2.0,googleplay,en,us
040ed9de-5849-4521-9a98-073088d3b58a,Abdurhman,https://play-lh.googleusercontent.com/a-/ALV-UjX6WeHQrfk1qID68JV35WwKkpc8WF5hd6XaWOc5AukjJWLZ_5f9,"It's great and smooth. Works really well. The only problem, though, is after translating a video, there is no option of exporting it as a srt file, to continue working on the video on a pc for to further edit it. Really important feature and very simple, yet the app still lacks it. Hope you guys are working on adding it.",4,11,0.2.0,2022-12-30 16:00:13,,,0.2.0,googleplay,en,us
354f9414-a065-4ed4-b85f-a0fa81f30146,Bryan James,https://play-lh.googleusercontent.com/a/ACg8ocJLjwpPlTB6gABxmuhl8detRhnNJ7EiNgLNs0lKEF46OQEiqw=mo,It does what it says and in time.its a 5 star app please keep it up.,5,0,0.2.0,2022-12-22 07:18:42,,,0.2.0,googleplay,en,us
b7198ed8-3206-452c-b9e8-1a49b18f9377,Tamer AlDamanhouri,https://play-lh.googleusercontent.com/a/ACg8ocKKD04ZmvOD3PMDgTkYpuCvXglURVTABvqCOe8ZPs_WtSw3Wg=mo,Great product. Can you add more features to it just like on iphone and pc?,1,0,0.2.0,2022-10-17 00:15:06,"[Auto Translate] Thank you for using Vrew. It is our task to add many features like iOS and PC, but it is not easy because we are developing with a small number of people. Please understand. However, if you give us your opinion on which features are urgently needed, we will try to reflect them. Thank you.",2022-11-03 15:18:12,0.2.0,googleplay,en,us
034943fd-5d5b-40d8-9c10-ad8e22767865,Kazi Z Hossain,https://play-lh.googleusercontent.com/a-/ALV-UjUwlHetcN2lMYOoawjFo4F8IXWRWiTZfOvYqHwLyOVvJH0cJ-fDsA,Next level video editing experience I have gained. Just amazing . Keep it up. You guys are building future applications. ⭐⭐⭐⭐⭐,5,0,0.2.0,2022-08-31 09:24:06,,,0.2.0,googleplay,en,us
a1e70666-6d36-49ea-bdf0-835dec90d2cf,JUNE O. LINE,https://play-lh.googleusercontent.com/a/ACg8ocKlOxOQ5P40zEc82MKguQenTRSzJbGfQOg2s_hA8hs9T5zcww=mo,Not bad but wasn't what I was expecting.,3,0,,2022-07-13 23:03:39,,,,googleplay,en,us
9e09018c-e79c-4667-ba57-b528ca37469c,Mandatory One,https://play-lh.googleusercontent.com/a/ACg8ocJoCyjvi846epLEAqtpHF9Or2sAFD1-LLPvSX-pufCcChpgmQ=mo,"I really like this app but only one problem its only support 5 language English, Chinese, Spanish, Japanese and Korean there's not other options",2,1,0.1.0,2022-06-27 00:12:39,,,0.1.0,googleplay,en,us
2ff5065a-130d-4210-9c81-34d9f1f8836f,草壁純,https://play-lh.googleusercontent.com/a-/ALV-UjWeswETFE1XYXCbKMmOhKlXg5WfLJX7NxmfnEQxf-H4N3fGg194,タブレットからじゃ何もできないのか?,1,0,0.2.6,2025-11-13 23:03:14,,,0.2.6,googleplay,ja,jp
a32570c4-4def-497b-bb49-6a04de14d708,Hitoshi Ozeki,https://play-lh.googleusercontent.com/a/ACg8ocI9ZTsF9CRj5RX1F8sekcQXZF0nCjIs_NUcCmK3N9XAUbbDwcQ=mo,一度編集しかけたプロジェクトを開こうとすると、アプリが終了してしまう。コンセプトは良いが、PC版でないと使用困難。,2,4,0.2.5,2025-06-19 13:49:27,,,0.2.5,googleplay,ja,jp
a6b63268-77f1-4b69-af0a-5284758bcdf3,रƾ,https://play-lh.googleusercontent.com/a-/ALV-UjW3-r3vwBJvG9KtlYJrMlax3N98nlBjHjje1QuYHqgQZw3h7LTZ,パソコンで使用できない,1,0,,2025-05-25 15:40:33,,,,googleplay,ja,jp
0fd4db6b-f72a-4d9a-a74f-22c4fee9549d,小泉一真（元市議。臥薪嘗胆なう）,https://play-lh.googleusercontent.com/a-/ALV-UjVJgNnDazx3JvsPrgDLj24vkqhKN5fRhD2oBwlncI2dDthA1jZfMQ,★アンドロイド版を便利に使っていたが、動画の再生が超スローになるトラブル発生。キャッシュ払う、インストし直す、デバイス再起動を試すが元に戻らず。代替アプリも見当たらず、痛い。 ★★★★ 星一つ評価付けたら、サポートからメール。動画ファイルの情報量が課題であることを示唆する内容。動画の長さを詰めたり、画面をトリミングしたり、画質を調整したりで対応すると、うまく動くように。音と文字がズレる現象にも悩まされたが、それもついでに解消された。無料アプリだから、使い方を工夫しながら付き合う必要があるのは、仕方がない。それでも、無料でここまでできるのは、スゴいこと。某PDで手動でしていた作業が、嘘みたいに楽になる。ジェットカットしてアップしたショート動画は、明らかに視聴者の反応がよくなっている。おススメです。今後も使い続けますのでバージョンアップよろしくお願いします。,4,8,0.2.5,2025-03-15 15:54:07,,,0.2.5,googleplay,ja,jp
db2d9464-6a63-4d22-85dc-607af5c8a5f0,木村誠一,https://play-lh.googleusercontent.com/a-/ALV-UjWuni06AIwtGjI2FmbQvxpupn6w6bxVAjz2Oc_QShQMHugLru6d2A,そもそもＰＣでやる動画編集だから、携帯やタブレットでは出来ないようになっているのか？ 外出先でも出来るようにして貰いたい。 いきなり「新しいプロジェクト選択」となっても、新たな動画を作れないのは残念,1,0,0.2.3,2025-01-18 14:15:55,,,0.2.3,googleplay,ja,jp
c0248268-51f9-4908-a768-7df5cf26cafc,Y.S,https://play-lh.googleusercontent.com/a-/ALV-UjVkLJep4BTbj6tTiNwF47SuF4H4voMh1r3bcR1v-ucOoXJyQy7W,アップルストアの人のと中身があまりにも違い過ぎる！ バージョンが古い古い 使い物にならない！ 速くアプデしてほしい。,1,12,,2024-12-21 16:41:20,,,,googleplay,ja,jp
0e4ce2c6-9343-4133-aed0-f8f10707db55,itsuki- K,https://play-lh.googleusercontent.com/a-/ALV-UjWYiarISB7aUGkD__vJtbdbX1y_ajcXJ29X9zAfrghvZTCCVOYJ,テキストからムービー作成、Android版でも使えるようにしてほしい,1,2,,2024-10-20 13:55:05,,,,googleplay,ja,jp
b04c77a7-f943-481d-9ad1-ed65db656bad,Aya Hatano,https://play-lh.googleusercontent.com/a-/ALV-UjUUsnkxhmmrrtnDaBt2k6ECnh6KCW_zRJGOL-gRmOL0u2gWKWFlWQ,最近のバージョンからなのか、文字のスタイルを変更しようとするとホーム画面に戻ったり落ちたりしてしまいます。,1,8,0.2.2,2024-08-03 01:51:08,,,0.2.2,googleplay,ja,jp
154b9991-2bde-40d1-ab10-847baaa344a6,Y龍一,https://play-lh.googleusercontent.com/a-/ALV-UjUpIlTk2TfbEvmzGMKJaxQ7ljoFD4NaTbevvXkW_HaS52Jcn9Xx,写真を繋いで動画にはできない。使えない。,3,3,0.2.1,2024-07-02 03:19:01,,,0.2.1,googleplay,ja,jp
92c52848-033b-4bee-bf1d-e05a03c9ac34,ユウちゃんねる,https://play-lh.googleusercontent.com/a-/ALV-UjXKHfIeyzK64XhiUZg0ckgz1DtzaCDuD8nuA4kI_8RyFnwtzg2I,音声の取得が不安定で進捗率が進みません。 改善を求めます,2,1,0.2.1,2024-06-16 21:32:24,,,0.2.1,googleplay,ja,jp
54f79aaa-5a40-404a-859f-8eddbf36418a,U,https://play-lh.googleusercontent.com/a-/ALV-UjV4XjBXBtq-6nHOPvgS-IpfMoQMQAsrGchL-3hbhTvRDU3OFw8,よくわからない,5,0,,2024-06-10 01:37:05,,,,googleplay,ja,jp
1f464fb2-8dab-468f-9044-f6198a8392e0,himeeeeee,https://play-lh.googleusercontent.com/a-/ALV-UjUy9oxWAOG8j1CxkYjBdgNsFN0mhuXR0MDPygNx0yFg_hGdcAA,新しいプロジェクト→動画がありません、から進めないのですが新規から作ることが出来ないのでしょうか？,1,5,0.2.0,2024-05-23 02:17:55,,,0.2.0,googleplay,ja,jp
83187712-d9d8-4126-b2b7-4c6ad0e84572,大野颯也,https://play-lh.googleusercontent.com/a-/ALV-UjWmimzIjLnCbwVRtAOs3oreFTelzIJmGac5F61DyKJ_LKue-PKk,機能自体はいいですがIOSにあったフォントを変えられる機能と原稿を読み込む機能が欲しいです！ 開発頑張ってください🙏,4,1,,2024-02-26 08:50:52,,,,googleplay,ja,jp
a7baa5a2-91fc-441a-a540-0cab1d34aff8,Yuhki “tameraizamurai” Uehara,https://play-lh.googleusercontent.com/a-/ALV-UjXGUdjAGDddrq8RRu9lZSHP1wWXmx9d210xBBCsoztVpzqE53IW6Q,私はパソコン版Vrewも使わせて頂いていますが、文字起こしの精度から、無音部分の自動カット、フォントに至るまで、まだまだパソコン版に及ばないと感じる部分があります。Androidアプリ版の場合、動画が長くなると映像と音声のタイミングが極端にズレるため相当使いづらいです。稀にですが、無音部分の自動カット機能にて、音声の乗る部分の一部が無音判定されてしまい、音声の単語をはみ出して切り取られてしまう事があります。同じようにパソコン版で自動カットさせると、そのような事態にはなりません。ただ、毎月どれだけ使っても利用制限が掛からないのがアプリ版のメリットなので、今後のアップデートに期待を込めて、星2つといたしました。,2,21,0.2.0,2024-02-26 06:50:37,,,0.2.0,googleplay,ja,jp
047587ae-a8cb-4e57-a93e-a5697513c883,Kylie toudou,https://play-lh.googleusercontent.com/a/ACg8ocKcafRNo-A5YaD5dCmrRnFUBqtpNZdZA0C1cvTrBeV8cEf8aA=mo,意味が全く違う言葉に変換されたり、全体の音が割れます。残念です。,1,3,0.2.0,2024-02-17 10:35:27,,,0.2.0,googleplay,ja,jp
2552d7bc-163c-497d-a107-8591d172eca7,Love S,https://play-lh.googleusercontent.com/a/ACg8ocJYHLC_UJYrWfcGaBEz8ID1JxAgRTaQtBgewc2faAWC0FV-FA=mo,アンドロイド版を使用させていただいております。 いつのアップデートだったかは忘れてしまったのですが、カット編集をしてから写真フォルダにアップロードすると、動画が後半になるにつれ音ズレが出てしまうようになりました。 カット編集や字幕編集自体はとても使いやすいものですが、音がずれてしまうと動画サイトに載せることは難しくなってしまいます。 とても良いアプリな故、そこだけがとても残念です。 アプリ開発・運営 ともに大変だと思いますが、ご対応いただけると助かります。 ご検討どうぞ、よろしくお願いいたします。 m(_ _)m,4,14,,2024-02-06 03:32:02,,,,googleplay,ja,jp
126c63f2-781a-45af-97b4-ecf7c9b95a1b,木谷豊武,https://play-lh.googleusercontent.com/a-/ALV-UjUIRhSXnJQV5ZQE5IL1UW5WsxarqofD7d9d80YMiyUue1Oi4CJtQA,凄い便利で助かります,5,2,0.2.0,2024-02-01 23:21:42,,,0.2.0,googleplay,ja,jp
00cc17fd-1973-42c2-a1c6-fe2c389b7432,かりん,https://play-lh.googleusercontent.com/a-/ALV-UjUFJe1aoP5vd5SWvwQPJaEyQOtZGVSK7oep0APlJSqIioITpbvk,PC版のように文字から動画を生成できるようにしてほしいです。,2,6,0.2.0,2023-11-30 17:33:50,,,0.2.0,googleplay,ja,jp
c3a3f745-c098-4b2f-9ba4-9f0e00599962,仙人さんsennin3こちらLINE、カカオトーク,https://play-lh.googleusercontent.com/a-/ALV-UjWg1nWQ-EE1C01bh5rjzdfvBUwKao_ZCcbiv1-f6UTECD7KQ8A,言われているど今使えない。なう(2023/09/20 09:52:10)Androidだから？,1,3,0.2.0,2023-09-20 09:52:20,,,0.2.0,googleplay,ja,jp
63ef6c3a-9298-4538-99e2-d17305562c20,よちよち,https://play-lh.googleusercontent.com/a-/ALV-UjV18c9eOEn4bKNk1A789aidlDAwbZL1je4Fwr862Ial4fLB-rs,使いやすいし最高です,5,1,0.2.0,2023-08-06 11:53:46,,,0.2.0,googleplay,ja,jp
f452fb98-1452-4616-abc7-fb38a4dee357,緑茶濃味,https://play-lh.googleusercontent.com/a/ACg8ocIJtrF38cP5mY7xv6_pdncbxx6L62zpzS1WvKjALUA8wSrj0w=mo,最低限の使い方の説明ぐらいチュートリアルとしてアプリ内に書いておいて欲しいね。 改行や字幕タイミングのずらし方など他のサイトで調べる必要がある時点で評価に値しない。,1,13,0.2.0,2023-07-19 12:03:19,,,0.2.0,googleplay,ja,jp
39e86ec3-fa04-409f-9a82-3c49c4f307be,ながさきはいじ,https://play-lh.googleusercontent.com/a/ACg8ocIxwp49DWiIDZcJsMrxGMOssT-NG6dFQs2kcMEM9t-Um6tX7Q=mo,ダウンロードして、初めの画面から、一切何もできない。 新しいプロジェクトを押せる画面の動画をひたすら見せられるだけ,1,23,0.2.0,2023-06-22 05:44:14,,,0.2.0,googleplay,ja,jp
68ec6301-49cb-4e12-b069-7af08611f5d0,田河清一,https://play-lh.googleusercontent.com/a-/ALV-UjVXwJFfcr9_2JGJvkFZUVnqnOYhanpOoYcN4ANxD1D3GZ14g2hI,大変ありがたい,4,0,0.2.0,2023-05-27 09:13:15,,,0.2.0,googleplay,ja,jp
a06d6039-16fa-4839-afb3-7b1d73a8121f,Secret work,https://play-lh.googleusercontent.com/a-/ALV-UjURSyGbKZdVNCBAXa4wsBLj0Ey7EKo9Y4StxHUH4RGOb1UZTL13,助かる,5,0,0.2.0,2023-05-24 12:31:05,,,0.2.0,googleplay,ja,jp
513d28c7-1d87-4717-8bca-f434fff71062,Kohei,https://play-lh.googleusercontent.com/a/ACg8ocLTW8zn445tAXJ6I93st2lXvRPNd0kuL32c3rmb5t8ddOzMhQ=mo,いきなり、何もできない！ 新しいプロジェクトをタッチしても何もできない！,1,14,0.2.0,2023-05-23 00:26:29,[自動翻訳] こんにちは。Vrewチームです。 ご使用に不便をおかけして申し訳ありません。 [新しいプロジェクト]を押しても何もできなくなりましたね。 どのような問題なのか詳しい確認のため、vrew-android@voyagerx.com にメールを送っていただけますか？ 問題を職業確認してみたいです。 何卒よろしくお願いします. ありがとうございます。,2023-05-24 14:25:27,0.2.0,googleplay,ja,jp
099b5a84-3753-487b-9e7f-c67453f522a1,草川光夫,https://play-lh.googleusercontent.com/a/ACg8ocL4YyBVGF8hmX4SlS9IOTP3m24jHuUYtfALBzGZtHjMyEQRaA=mo,狎～,3,0,0.2.0,2023-04-09 11:37:26,,,0.2.0,googleplay,ja,jp
5fe8677f-d87b-47ba-b507-6ad83e3fe60c,清水会長,https://play-lh.googleusercontent.com/a-/ALV-UjUUq1yglp6ThLPkF9PmGMGPoIZcL0O7KZzXggD4OAwScvKwa6HG,聞き取りの性能をガチであげてほしい siriとかグーグル翻訳レベルであげてください！！ I want you to seriously improve your listening performance Please give it in siri or google translation level! !,3,2,,2023-03-19 09:34:15,,,,googleplay,ja,jp
6e5eaec0-c7ca-4eae-8216-f0c52347483c,nn163,https://play-lh.googleusercontent.com/a/ACg8ocJf82KwBc3rrfJhQk_SEO6Qo5WNR3L0QP7rrm0wsKlQoljVEg=mo,いつも便利に利用させていただいています。 アップルのマックブック、フォントはふい文字、文字色は白、サイズ65、影または輪郭は黒の設定で入力しています。 他の設定では試していないのですが、いつも「き」の色だけがグレーの様な違う色になります。 まぁ読めるのでいいかと思ってましたが 先日は「段」という文字も同様のエラーになりました。改善していただけましたら幸いです。 追記:どうも太字にすると出現するエラーの様です。,5,16,0.2.0,2023-03-08 21:23:32,,,0.2.0,googleplay,ja,jp
8cbf6c8d-e074-4b2f-b9b9-ec37401ee3a0,こんにちはygdfjvc,https://play-lh.googleusercontent.com/a-/ALV-UjXIaw6td074RORnBhVQrM704qgDk6rd4UVokH9KWa_V8hCkUWbM,ゴミ全然翻訳になってない,1,6,0.2.0,2022-12-05 04:02:32,[自動翻訳] こんにちは。Vrewチームです。 VrewはAI技術を基盤に音声を感知して音声を文字に変える映像エディタです。 まだ翻訳機能は提供できていません。 日本語の映像を入れて字幕を出した後、字幕を出して他のアプリなどに翻訳することはできますが、詳しい方法をご案内するためにvrew-android@voyagerx.comにメールを一通お願いできますか？ ありがとうございます。,2022-12-06 13:47:31,0.2.0,googleplay,ja,jp
f2eb69fa-bb5f-469e-8212-ac9024debb7e,ヒカリ,https://play-lh.googleusercontent.com/a-/ALV-UjXp0_z-1s4RHrWB5lN8eajIgx082KPESoHB2MkV-P4mUI2qLwLk,ロシア語も追加してほしい,4,1,0.2.0,2022-12-02 19:21:25,,,0.2.0,googleplay,ja,jp
d2a3c909-0896-4617-a9fd-388851fce567,ななか,https://play-lh.googleusercontent.com/a-/ALV-UjWmuqSgXKRmiueS1wy6LYt_z3YqWRkZiewKKuqcasV04H0RqyTj,アンドロイドでは文字が変更出来ない,1,1,0.2.0,2022-11-07 03:27:51,[自動翻訳]こんにちは、Vrewチームです。 Androidで字幕を変更する方法ですね。 字幕を押して、[スタイル]タブに入ればできますが···。 話だけで説明するのは難しいですね（T.Tよろしければvrew-android@voyagerx.comまでメールを送っていただけますか？ 詳しく説明します。 それではお願いします。 ありがとうございます。,2022-11-07 12:35:55,0.2.0,googleplay,ja,jp
0c55f12e-bd0f-4900-af7e-e3e9480a1423,山田花子,https://play-lh.googleusercontent.com/a-/ALV-UjXLx9oC-0v1qjM-eqOPfg0UGLUzOAn5x0hg7kW9lIU4kQQ-XOKB,フォントの変更が出来るようになって使いやすくなった。 MP4だけでなく、違う形式でもダウンロード出来るようになると嬉しい。カットごとでないと色を変更できないので、一部だけ目立たせたいときに不便なので、パソコン版、アプリ版両方とも改善して欲しい。,3,15,0.1.0,2022-07-11 07:34:55,,,0.1.0,googleplay,ja,jp
ea2ca15a-fa54-45df-aca6-963775685c55,陽菜,https://play-lh.googleusercontent.com/a/ACg8ocIuSaVeoLkNmd9vZFI2GM6lZ2_uryo4zK6TbQG5Df87kxK8OQ=mo,性能悪すぎ。ゴミ,1,2,0.0.4,2022-06-07 19:11:48,,,0.0.4,googleplay,ja,jp
06a9e455-a76b-4658-b03c-dabf3a67e7cd,Megumi Kinoshita,https://play-lh.googleusercontent.com/a/ACg8ocL-Eu8o3uk6kt4o59Tj8OHpSEaC_N9uBotls_m3nkHA_yu3LA=mo,音声アップロードができないのでゴミ,1,9,,2022-05-06 18:26:07,,,,googleplay,ja,jp
6d5b2546-6f22-42a4-b02b-d57dccc4da9a,luck pluck,https://play-lh.googleusercontent.com/a/ACg8ocLxvvBaw-R7lr3VQGEeIV5dYoLOCPwz4-xM_g_fCe97buoJ=mo,App Store版に比べると簡素だし使いづらいと思います。 同じ位のものにするのは難しいのでしょうか？,2,23,0.0.2,2022-05-02 17:06:37,,,0.0.2,googleplay,ja,jp
37d6da68-6ad2-44cf-98f7-f3137b357b46,アラブしょうすけ,https://play-lh.googleusercontent.com/a-/ALV-UjVi15SdbSYxl0eDpg8wIt981jpj_DjXADWW_RnGZ86pC54OzVYz0g,落ちてしまい、残念でした。,1,1,,2022-04-29 17:41:12,,,,googleplay,ja,jp
2527a3af-8373-43d1-aa1f-c6abf5e44548,ryokuka gotou,https://play-lh.googleusercontent.com/a/ACg8ocLPUxgKSH8P0EWZKDJbgsrl9IrKEcq6B5WkTuyB4fqPSu4edg=mo,Androidはフォントの編集など出来ないのでしょうか?,3,2,0.0.2,2022-04-20 23:40:20,,,0.0.2,googleplay,ja,jp
f8ef99a0-d6da-4aae-ab1c-6352db45b0ad,r m,https://play-lh.googleusercontent.com/a/ACg8ocK0AevDDiXe5ULE1amcFI0t6_FLH7TUCzjB9wh75QFJ5I3OEg=mo,iOS版も同時進行で使ってますが、Android版はフォント変えられないんでしょうか？？,3,6,0.0.1,2022-04-05 13:14:03,,,0.0.1,googleplay,ja,jp
e0e94d77-1293-4098-8c9c-d34b799843f4,TERUKI GOTO,https://play-lh.googleusercontent.com/a/ACg8ocI0q_wCcbNwY_NmWIP_8wGl-SV8y0e4xempeygjfaToY_HIThc=mo,Androidだと文字のフォント変えるとこがない,1,5,0.0.1,2022-03-20 18:55:37,コメントくださってありがとうございます。　フォントの設定ですね。まだリリースされたばかりなのでこちらの機能が支援されない状態です😢　ですが、現在内部で字幕書式機能も開発しておりますので少々お待ちしてくださると幸いです！　もっと便利な動画編集のパートナーになるため努力いたします😊,2022-03-24 15:52:15,0.0.1,googleplay,ja,jp
