rating,updated,review_text,Sentiment_label,Sentiment_score
5,2025-11-01,"저는 학교에서 디지털 수업하다 알게 되었는데, 왜 깔게 되었냐면 저는 유튜버기 때문입니다. 유튜버 초보자가 사용하기 너무 좋은 것 같아요.자막도 충분쓰. 저는 그래서 5점 드릴게요.이 앱은 돈도 안 줘도 되고 광고도 없고 빨리 편집하기가 넘 좋습니다.",긍정,0.9880656003952026
1,2025-10-06,왜이렁게 어렵게 회원가입을 하라는건지모르겠네요ㅠㅠㅠ 똥밟았다고 생각할께요ㅠㅠㅠ,부정,0.05016696825623512
5,2025-09-30,술래잡기,긍정,0.6911354660987854
3,2025-09-02,할수있는게 너무 없네요ㅠㅠ,부정,0.20166298747062683
5,2025-08-05,컴퓨터 브류 유료결제해서 사용중인데 모바일 연동 안되나요 ㅠㅠㅠ,부정,0.22984753549098969
4,2025-06-22,왜 안돼죠?,부정,0.36685770750045776
1,2025-06-14,대체 앱으로 할수 있는게 뭐죠? ;;;;,부정,0.1951269507408142
4,2025-04-14,PC에서 너무 잘쓰고 있어서 모바일로 받았는데요~ PC에서는 음성 불러와서 그 음성에 맞는 영상이나 사진 추가해서 만들수가 있었는데 모바일에서는 음성+,부정,0.48529052734375
5,2025-01-14,그냥 대박임 간단 명료하고 필요한 기능만 똭!!!,긍정,0.9822381138801575
4,2024-09-26,안녕하세요 서비스 너무 잘 쓰고 있는데요 PC에서 작업하던 프로젝트를 아이폰이나 아이패드로 이어서 작업할 수 있는 방법은 없나요?,긍정,0.9194637537002563
3,2024-08-07,캡컷 버릴수있었는데…….하…진짜 뭘 써봐도 캡컷만한게 없는듯 Pc버전도 아니고 아이패드랑 폰뿐이라서 안타깝지만 다시 캡컷으로 돌아감. . . . 그래도 블로 웨일로 필모라 키마 보다 편하고 좋음 모바일버전도 효과음만 넣어줘도 좋을듯 텍스트추가는왜 안됨?,긍정,0.975222647190094
5,2024-07-18,너무 감사 무한감사 드립니다 ..,긍정,0.9753627181053162
3,2024-05-27,루마퓨전으로 60fps로 작업한 영상을 자막을 넣어서 vrew로 4K 60fps로 출력하면 4K 30fps로 인코딩이 되네요. 원본은 60fps인데 60fps로 설정해도 왜 30fps로 나오나요?,부정,0.13670407235622406
5,2024-03-02,늘 잘 쓰고 있어 감사 드립니다. 다만 근래 서버에서 오류가 발생하였다면서 음성 업로드 및 분석이 되지 않는데 일시적 현상일지요? 사용을 못하고 있어 곤란한 상황이라 조속히 해결 되었으면 하는 바람입니다.,긍정,0.8880177140235901
5,2024-02-21,텍스트로 원고 최종 수정까지 완료한 후 불러오기 하면 그대로 불러오는 게 아니고 ai가 임의적으로 원고를 수정해서 오타가 종종 발생해요! 그럼 또 수정을 해야 해서 일을 두 번 해야 합니다!! 수정하지 말고 원고 그대로 불러올 수 있게 해주세요!!,부정,0.01807389035820961
5,2024-02-17,너무유용하게 잘 쓰고있습니다.,긍정,0.9175304174423218
5,2024-01-29,???!?,부정,0.30109745264053345
4,2024-01-27,모바일 앱에서도 텍스트로 영상 만들기 부탁해요.,긍정,0.7016153335571289
5,2024-01-09,너무 잘 이유하고 구독도 하고 있습니다.  한가지 요청사항은 PC 뿐만 아니라 아이패드에서도 Text로 영상제작이 가능하게 요청드립니다.,긍정,0.9304918050765991
5,2023-10-30,근데 최근에 이상하게 중국어만 번역기능 사용하려하면 형식에 맞지 않다는 오류가 계속 뜹니다 ㅜㅜ 확인 주시면 감사하겠습니다,부정,0.09824931621551514
5,2023-10-08,It's the best app I use. I recommend it to everyone.,긍정,0.9701238870620728
5,2023-09-12,거기에 무료라라라라니. 대백,긍정,0.7022276520729065
5,2023-05-16,중간 무음구간 줄이기 등 디테일한 편집을 편하게 할 수 있어서 너무 좋네요,긍정,0.9871727228164673
5,2023-04-24,사용 하는 동안에 도움이 많이 되었습니다,긍정,0.9740556478500366
5,2023-04-21,"제가 어플로 아이폰,안드. 둘다. 만드시라고. 제안했던사람 입니다. 잘되서 너무. 뿌듯하네요^^",긍정,0.991005539894104
5,2023-04-17,핸드폰 앱으로는 ai 음성 삽입 불가능 한가요?,부정,0.13372094929218292
5,2023-03-30,안녕하세요  AI음성 누르는데가 안보여요 혹시 아이폰이라 그럴까요?,부정,0.2155819982290268
2,2023-02-21,고생 많으십니다. PC판은 글을 입력하면 인공지능이 읽는 기능이 있던데 아이패드에서는 이 기능을 못 찾고 있습니다.,긍정,0.8131656050682068
3,2023-02-15,메일을 계속보내는데 메일이 안옵니다  다른 이메일은 오는데 ㅜㅜ,부정,0.004198315087705851
4,2023-02-10,다크모드는 지원안되나요 ㅠㅠ,긍정,0.5523037314414978
5,2023-01-26,자막 텍스트파일 불러와서 확인 누르면 적용이 안되네요. 제가 잘못하고 있는건가요??,부정,0.0695720762014389
5,2023-01-14,이런 어플 만들어 주셔서 감사합니다. 덕분에 언제 어디서나 편집하고 있습니다.,긍정,0.9810836911201477
5,2023-01-13,유료가 되어도 꼭 구매하고 쓸게요 ^^. 항상 감사합니다.,긍정,0.9932006001472473
5,2022-12-24,피씨에서도 휴대폰에서도 다 잘 되네요.,긍정,0.9908478260040283
4,2022-12-22,혹시 pc버젼말고 앱에서도 ai 성우 안나오나요 ??,긍정,0.8636960387229919
5,2022-12-09,최고의 선물,긍정,0.9768600463867188
5,2022-11-14,작업시간을 최소 3-5시간 줄여줬다 상받아야한다. 동영상편집쪽도 만들어서 1등해주세요  와나 나만알고싶어,긍정,0.9023399949073792
5,2022-11-06,제가 지금 1달 정도 이걸로 동영상 편집하고 있거든요 짱이예요. 오른쪽 아래에 vrew라고 써저있는것만 빼면 짱좋아요,긍정,0.979021430015564
5,2022-09-11,"앱 너무너무 좋아요,, 헝가리어 같은 다른 언어들도 꼭 추가해주셨으면 좋겠습니당 🥹🥹",긍정,0.9866272807121277
5,2022-08-17,사랑합니다~,긍정,0.9460007548332214
3,2022-06-01,안녕하세요...그동안 Vrew 와 함께 많은 영상을 만들었는데요... 최근들어서 영상을 자막과 함께 추출할때....60 프레임 으로 추출 하는데 계속해서 결과물은 30 프레임으로 저장이 됩니다... 예전에는 60 프레임 하면 그대로 저장 되었는데...왜 그런가요? 어떻게 문제를 해결할수 있나요??,부정,0.303407222032547
4,2022-04-10,열심히 개발중이시겠죠 기다리겠습니다,부정,0.46307194232940674
5,2022-03-21,저는 현재 브루를 굉장히 잘쓰고 있는데요 이 앱을 진짜 많이 추천합니다  첫번째 자동자막이 너무 잘됌 두번째 자르기가 쉬움 세번째 조작법이 쉬움 더 있지만 그만하겠습니다 아무튼 전 이 앱이 너무 좋아요,긍정,0.9006005525588989
5,2022-03-08,개발자님 진짜 최고 돈 많이 버세요 너무 감사해요♥️,긍정,0.990694522857666
5,2022-03-05,알아서 자막을 달아주니 자막 붙이기도 편하고 편집하기도 내용구분이 쉽습니다.,긍정,0.9807834029197693
4,2022-01-19,진짜 엄청 잘 쓰고 있었는데 갑자기 워터마크 제거가 안됩니다ㅠㅠ 워터마크가 흐릿하게 보여요,부정,0.0738355740904808
5,2021-10-28,"작년에 몇 번 쓰다가 익숙지 않아서 그만 두었었는데 오랜만에 다시 편집해보니 더 편하고 폰트도 예뻐지고, 음성인식도 더 좋아진 게 보입니다!  게다가 다른 프로그램보다 확실히 컷편집도 쉽다는 게 큰 장점이네요  다만 한 화면에서 자막이 하나만 생성되는 점(예를 들면 말하는 자막을 깔고 좌 상단에 그 도움 설명을 넣고자 해요..!)이 약간 불편하고,  그리고 로고나 도움 사진 등을 넣고 싶은데 pip가 안 되는 점도 개선된다면 정말 좋을 것 같아요.  마지막으로, 소스를 추가할 때 지금은 시간 역순으로 나오는데 기본 사진첩처럼 즐겨찾기 앨범으로 전에 만들어둔 영상을 넣을 수 있으면 좋겠습니다.  아, 그리고 이건 문의사항인데, 아이패드만 사용하는데 프로젝트 파일을 루마퓨전 등으로 내보내는 건 안 되는 건가요?? vrew의 장점은 어절로 화면 편집이 쉽게 가능한 건데, 위의 다중 자막, 로고 등의 문제를 해결하기 위해 다른 프로그램을 같이 쓰려니 결국 다른 프로그램에서 편집을 다 끝내고 자막을 마지막으로 달러와야 하더라고요. 그런데 그러면 vrew의 저 큰 장점을 유용하게 쓸 수가 없다는 점이 아쉬워서요..!",긍정,0.9737584590911865
5,2021-10-05,"사진 수정할때, 사진을 여러게 묶어서 동영상 만들때 주로 사용하고있는데 너무 편하고 좋아요! 인공지능 인식은 Siri 뺨때리는 수준이고요. 좋은 콘텐츠 만들어주셔서 정말 감사해요!",긍정,0.9924403429031372
5,2021-10-03,안녕하세요 오늘 브루를 처음 써본 초보 유튜버입니다 취미로 영상 가끔씩 올리는데 자막을 못 넣어서 매일 아쉬웠었는데 이제는 그 아쉬움을 날려버릴수 있을것 같습니다 사용법도 간단해서 편하게 자막을 넣을수 있어서 너무 좋습니다. 이런앱을 만들어주셔서 감사합니다.,긍정,0.9938995838165283
5,2021-08-02,"몇몇 아쉬운점이 있지만, 간단한 컷과 빠른 자막으로 잘 사용하고 있습니다..",긍정,0.8949756026268005
4,2021-07-26,전체 자막 복사 후 다른 프로젝트 동영상에 씌우기 위해 붙여넣기를 시도해도 클립보드에 복사된 것이 없다고 뜹니다. 목소리 없이 자막만 들어가는 브이로그 편집을 위해 어플을 사용하고 있습니다. 목소리가 들어간 영상에서 추출한 텍스트를 다른 프로젝트 영상(목소리가 삭제된 영상)에 삽입할 수 있는 방법은 없나요?,부정,0.19929775595664978
5,2021-07-24,단언컨데 역대급 편집툴입니다…,긍정,0.9202585816383362
5,2021-07-24,자막 뿐 아니라 필요없는 무음구간까지 편집하니  시간이 많이 절약 됩니다.  아이무비나 다른 편집앱보다 훨씬 엣지 있답니다~,긍정,0.9943732023239136
5,2021-07-19,자막이 나와 너무 좋습니다,긍정,0.981092095375061
5,2021-06-28,"웬만한 어플은 리뷰 안쓰는데, 넘 만족스러워서 작성해요! 유튭 편집하면서 pc버전으로 주로 쓰고, 어플은 영어번역이 필요할때 주오 사용해요 ㅎㅎ  영어번역이 넘 퀄리티있고 센스있어요! :) 감사합니다",긍정,0.9951238036155701
3,2021-05-29,자막기능 당연히 베스트입니다. 다만 최근 내보내기 기능이 되지 않아 짜증날 떄가 한두번이 아니에요. 계속 다시 시도하라고 나옵니다. 재부팅을 해도 되지 않아 화가 납니다.,부정,0.12494253367185593
5,2021-03-22,들숨에 재력과 날숨에 건강하십시오,긍정,0.7509366869926453
5,2021-03-11,"와,,,진짜 저 살면서 아이폰 어플 리뷰 한 번도 해본 적 없는 사람인데, 개발자님 너무 멋있습니다. 덕분에 대학교 싸강 영어 수업 따라가기 어려웠는데, 이 어플로 제대로 공부하고 있습니다. ㅠㅠ듣기가 약해서 좌절하면서 수업듣고 있었는데, 한국교수님이 영어로 이야기하는 수업인데도 발음 음원인식 너무 잘해서 덕분에 편하게 수업 듣고 있습니다. 심지어 동시자막 인식까지,,살면서 가장 유용하고 편하게 도움 받으며 쓰는 어플 같네요. 진심으로 감사합니다. 개발자님 적게 일하고 많이 벌으세요❤️",긍정,0.9938686490058899
5,2021-03-06,Ui가 편하게 잘 되어있어요! 간단한 영상 보정까지 가능하면 더 좋을 거 같습니다. 폰트 검색도 가능하면 더더 좋겠어요!,긍정,0.993790328502655
5,2021-02-24,영상 작업하면서 제일 노가대 중 하나가 자막이었는데 한방에 해결합니다. 정확도도 좋고 디자인도 좋고 사용하기도 편합니다. 별 다섯개 꾹꾹 누르고 갑니다.,긍정,0.9894541501998901
5,2021-02-22,자막이 동시에 여러개 들어갈 수 있는 기능이 생기면 정말정말 좋을 것 같아요!! 한 컷에 자막 하나가 아닌 여러개 이곳 저곳 넣을 수 있게요! 제발 이 기능 부탁드려요~ 그리구 자막에 키프레임 설정도 생긴다면 완전 완벽입니다!,긍정,0.986111044883728
4,2021-02-15,로그인이 안됩니다! 비밀번호를 다시 설정하려고 해도 타임아웃이라고 하는데 어떻게 해결해야 할까요??,부정,0.036315497010946274
1,2021-02-03,짜잔!!! 여러분은 이제부터 이 앱의 저주에 걸리셨습니다! 이저주에 걸리신 여러분 잘들으세요 며칠동안은 잘 되다가 어머나!!!내가 만든 동영상~내가 내 사진파일로 보낸다는데~!왜 내보내기가 안될까???  하하하 제 심성을 건드셨으니!1점 줍니다! 어머~~~말 안한거 있다! 이거 껐다 켜면은 해결  된다고할줄알았죠~! 응 아니야 음성 불러오는것도 겁나 힘들더니 핑 렉도 심하고 참....  이거 한번 저주 걸리면 ! 영원히 안되는건가? 어이고어이고... 만년설이 물이 되어 흐를때까지 안된다구요?! 우와.. 그러면 벼락 맞고 로또 당첨되는게 더 쉽겠어요 ! 만약 이 저주를 피하고 싶다면 딴 앱 까세요 ㅎㅎ! 한마디로! 망앱!,부정,0.004522354807704687
5,2021-01-20,좋아요 좋아요 너무 좋아요~~,긍정,0.856903612613678
3,2021-01-07,자막을 조금 띄엄띄엄 넣고 싶은데 계속 이어지게 되니까 자막을 몇 초부터 몇 초까지 넣을 건지 설정할 수 있게 해주세요,긍정,0.5202573537826538
5,2020-12-28,감사하고 사랑합니다 ㅠㅠ 이렇게 훌륭한 앱을 무료로 이용할수 있게 해주시다뇨ㅠㅠ,긍정,0.9896476864814758
5,2020-11-29,잘 사용하고 있습니다  무료로 사용하기에 로고는 지우지 않고 영상을 올리고 있습니다  지금도 좋지만 더 발전하길 바랍니다,긍정,0.9779375195503235
5,2020-11-28,사실 얼마나 인식을 잘할까 했는데...진짜 대박이에요..여러분 꼭 쓰세요.ㅎㅎ 영상만들떼 자막 귀찮아서 안넣던 1인인데 무조건.. ㅠㅠ 감사합니다,긍정,0.9919861555099487
5,2020-11-27,아이폰으로 편집하면 넘좋아요,긍정,0.9554422497749329
5,2020-11-22,",무음삭제가 너무좋고요 아직은 아쉬운점 없어요",긍정,0.9509212374687195
5,2020-11-06,정말 유튜버 하는 분들은 강추입니다,긍정,0.8386723399162292
4,2020-09-26,어플 설치하고 처음 시험삼아 영상 불러왔을 때는 분명 자막을 수정할 수 있었던 것 같은데 오늘 제대로 자막 넣으려고 했더니 갑자기 자막 수정이 처음 부터 안됐던 것처럼 키보드조차 올라오지 않네요ㅠ 혹시 영상 길이 제한이 있나 싶어서 1분짜리 짧은 영상도 열어봤는데 수정이 안돼요... 답답하네요ㅜ 버그인지 뭔지ㅜㅜ ios14로 최근에 업그레이드 한 거 때문에 호환이 안되는 건가요??,부정,0.016503863036632538
5,2020-09-23,언제쯤 나오나요?,긍정,0.5886241793632507
5,2020-09-15,"Vrew를 아주 유용하게 쓰고 있는 유튜버입니다.제가 유튜브를 하다 보니 영상에 인트로,아웃트로를 넣어야합니다.그런데 배경음악을 넣으면 인트로,아웃트로의 배경음악과 겹치더군요.그래서 결론은 특정 구간에만 배경음악을 넣을 수 있는 기능을 추가해주셨음합니다!",긍정,0.9166666269302368
5,2020-08-25,진심으로 감사드립니다.   흥하세요^**,긍정,0.9768809676170349
5,2020-08-22,말자막 쓰는 영상에는 최고라서 블로그 리뷰로도 홍보 많이 하고 있습니다 그런데 혹시 유튜브자체 자막처럼 기존에 문서화된 스크립트를 한번에 입력해서 싱크 맞춰 자막만드는 기능을 추가하실 계획은 없으신지요?  대본을 읽는 영상의 경우 이렇게 가능하면 정말 좋을 것 같아요. 그리고 유료화 좀 하시길... 그냥 쓰기 미안해요,긍정,0.5181252956390381
5,2020-08-10,지금까지 써 본 어플중에 가장 좋습니다. 익스포트 되는 것도 좋구요.  다만 자막구간이 3초로 지정되어 나눠지는게 조금 불편해요. 타임을 사용자가 임의로 찍을 수 있었으면 좋겠어요.  어플 사용하는 중에는 블루투스 키보드를 연결해서 작업하는데 만약 단축키로  스타트타임만 찍을 수 있어도 아주 좋을 것 같습니다. 더 많은 언어팩을 위해서 유료결제할 의사도 충분하니 많은 발전과 업데이트 바랍니다^^,긍정,0.9922673106193542
5,2020-08-02,어떻게 해야하나요?,긍정,0.6483311653137207
5,2020-06-17,"영상디자인을 전공해서 사회에 나왔더니 ㅎ정말 방송국에 오래된 편집기들,시간낭비 속에서 거꾸로 돌아간다는 느낌을 지울수가없었어요 영상툴의 발전과정,?역사?를 생각하게되고.이건 더이상 밥벌어먹을 기술이 아니구나 깨닫게되었죠. 이런게 나올거라 생각은했지만 정말 직관적으로 잘만들었네요.디테일이 미침.딥러닝 진심 배우고싶다.",긍정,0.9957055449485779
5,2020-05-24,그런데 지원언어가 부족해요ㅠㅠ 중국어 추가해주실계획 있나요??,긍정,0.8577700257301331
5,2020-05-22,"처음으로 글 남깁니다. 지금까지 본 최고의 앱입니다. 가끔 취미로 번역 작업하는데 이보다 더 편한 앱을 본 적이 없네요. 기능은 물론 사용자 편의성이 환상적입니다. 이걸 무료로 풀어주시니 개발자 님께 정말 감사할 따름입니다. 피드백도 해주시고 의견도 반영해 주시는 개발자님께 다시 한 번 감사드립니다. 저도 개발자로서 약 10년 정도 일했는데, 진심 존경합니다^^ 화이링~",긍정,0.9951322674751282
3,2020-05-18,약간의 오류가 있어서 수정을 하는데 자막 시간 편집이 안되네요.,긍정,0.7217811942100525
5,2020-05-09,우연히 발견을 했는데 정말 좋네요. 최고입니다 UI부터 거부감이 없고 자막편집이 너무편리합니다,긍정,0.9937776327133179
4,2020-05-08,사용자가 직접 해상도를 설정할 수 있게 해주시면 좋겠습니다. 1080p 또는 60프레임도 프레임도 설정할수 있게 해주시면 정말 감사하겠고요.,긍정,0.5686607956886292
1,2020-05-02,13분 영상 자막 다 썼는데... 익스포트 하니까 씽크가 안맞아요 와 어떻게 해야하나요...,부정,0.17183654010295868
1,2020-04-27,아무리 좋은 프로그램이라도 내보내기가 안되서 사용이 안되면 무용지물인것 같네요 영상내보내기를 누르면 계속 멈춰서 한시간이고 두시간이고 진행이 안됩니다,부정,0.0017653105314821005
5,2020-04-18,어플로 편집했을 때 동영상만 내보낼 수 있는데 피씨버전에서는 srt 파일로 익스포트가 되더라구요!  한글은 본 앱으로 편집하고 다른 나라 언어는 srt 파일로 익스포트 후 유튭에서 불러오고 싶습니다 ㅜㅜ 피씨버전만 가능한 기능인가요!?,부정,0.37708768248558044
5,2020-04-12,"독일어가 필요해서 그런데... 추가될 계획이 있는지, 언제쯤은 가능할거 같다라는 것이 있을까욥?  앱은 정말 기똥차게 좋아욥!!!",긍정,0.9653870463371277
5,2020-03-03,빠른 답변과 전화받는 분의 태도...!!👍🏻리뷰를 다시 쓰게 만드네요!! 보안점 잘 수정되서 넘버원 자막프로그램이 되시길..!!!,긍정,0.9850001335144043
5,2020-03-02,제발요 ㅜㅠㅜㅠㅜ 일본어 써보고 매력에 퐁당 빠졌단 말이이죠 ㅜㅠㅜㅜ 살려주세요 ㅜㅜ 중국어 공부에 꼬옥 필요합니다 ㅜㅜ,긍정,0.9723195433616638
3,2020-03-01,영어자막을 내보내면 첫자막에서 다음 자막으로 안넘어가요 ㅠ 한국 자막은 잘만되는데 ㅜㅜ,부정,0.12765097618103027
4,2020-02-24,다만 음성인식이 아직 부족해 보이네요^^하지만 점점 좋어지겠죠? 응원합니다!,긍정,0.9899740219116211
5,2020-02-22,스마트폰에서 가장 빠르게 자막 컷편집을 하는 솔루션입니다.,긍정,0.9051077961921692
5,2020-02-11,피씨버전 너무 잘쓰고 있어요 브이로그 편집계의 혁명입니다 너무 잘만든 프로그램. 요즘 편집할 시간이 부족해서 어떡하지 하다가 설마설마하고 앱스토어 찾아봤는데 있네요. 맙소사 이제 폰으로도 편집할 수 있겠어요 개발자님 기획자님 너무 감사드려요 어플은 아직 안써봤지만 기대됩니다!,긍정,0.9947025179862976
4,2020-02-08,오타 수정을 많이 해야하는 부분은 제 발음이 문제 같네요 ㅎㅎ  맥용으로 잘 쓰고 있어요 그래서 이 앱도 바로 설치했고  사용해보니 동일한 사용감으로 아주 좋습니다.  근데 아이폰 용은 srt로 출력을 어떻게 할 수 있을까요?,긍정,0.989781379699707
5,2020-01-16,영상 만들면서 자막 만드는게 진짜 핵노가다였는데 정말 너무 감사합니다 ㅠㅠ,긍정,0.9396428465843201
5,2019-12-25,"PC버전부터 너무 잘 쓰고 있어서 개발자님께 늘 감사드리고 있습니다. 모바일 버전도 더할 나위 없습니다. 한가지 바라는 점이 있다면 키보드로 단축키가 지원되면 편집 속도가 훨씬 빨라질 듯 합니다. PC버전을 사용할 당시 어절간 이동이나 삭제, 현재 어절에서 재생 시작 등의 단축키가 있어 키보드만으로도 빠르고 수월하게 편집할 수 있었기에 빈자리가 더 크게 느껴지는 듯 하네요. 저는 특히나 아이패드로 사용할 일이 많아서 손의 동선이 좀 아쉽습니다. 키보드 숏컷에 마우스 조합이면 화면을 터치할 일 없이 빠른 편집이 가능할 것 같네요. 다시 한번 좋은 프로그램 감사드립니다.",긍정,0.9846975803375244
5,2019-12-23,최고 어플입니다. 안드로이드 어플은 언제 나오나요?,긍정,0.9817191958427429
5,2019-12-21,어제 업데이트된 클립별 자막 글자/크기/위치/색상 적용해 보았습니다. 엄청 멋집니다. 앞으로 애니메이션까지 도입된다면 끝판일겁니다. 개발자님 엄청 돈 벌거라  확신합니다.,긍정,0.9907686114311218
5,2019-12-16,"개발자님, 좋은 프로그램 만들어주셔서 감사합니다. 군더기 없이 최고의 어플입니다. 다만 언어가 다양하지 못해 저는 이용을 못할꺼 같습니다. 태국어와 러시아어 선택 부탁합니다. 채널상 다양한 언어를 이용하는 채널이라 절실합니다. 감사합니다.",긍정,0.9898920059204102
5,2019-11-26,이런 좋은 앱이 어떻게 무료일 수 있죠 !!,긍정,0.9919885396957397
5,2019-11-13,지금까지 써봤던 앱중에 유료포함해서도 정말 최고의 앱이라고 자부합니다. 이런 멋진 프로그램을 만들어주셔서 감사합니다 ^^,긍정,0.9934090375900269
5,2019-10-30,말이 필요 없네요,긍정,0.9704199433326721
5,2019-10-16,최고의 앱이 아닐까 생각합니다-  아이패드에서 편집하고 자막때문에 컴퓨터로 항상 옮겼었는데 그부분이 해결되는것 같아 너무 좋고  단톡방에서 피드백 받고 또 그걸 업데이트로 빨리 패치해주셔서 너무 좋습니다-  브류짱!!,긍정,0.9947596192359924
5,2019-10-08,사랑둥이 브루 감사합니다 님들이 저를 자막 지옥에서 살렸어요🥰,긍정,0.790004312992096
5,2019-10-08,예전에 앱버젼 기다린다고 했는데 패드백 해주셔서 고맙습니다. 배경색도 글자색처럼 다양했으면 좋겠습니다 ^^ 좋은 앱을 만들어주셔서 고맙습니다 !!!,긍정,0.9912728667259216
5,2019-10-08,영상에 자막 넣는 게 이렇게 쉽다니... 글자 지우면 영상 자동으로 편집되는 것도 엄청 신기하고 편하네요. 짱입니다.,긍정,0.9914014935493469
5,2019-10-08,치하키님 영상보고 다운받습니다.,긍정,0.9735305309295654
5,2019-10-08,이제 진짜 루마퓨전과의 조합으로 엄청 편하게 영상작업 할 수 있겠네요ㅠㅠ 정확도도 좋고.. 정말 최고입니다ㅠㅠㅠ,긍정,0.9922046661376953
5,2019-10-08,브류팀 장수하세요!!!!!! ^^,긍정,0.7042135000228882
5,2019-10-07,PC버전을 무료로 풀더니 이젠 앱으로 넘어 와서 편집 시장에 찬란한 한 줄기 빛을 비추는 당신은 누구입니꺄?,긍정,0.7509878873825073
4,2024-01-04,다만 소리로 편집해야 할때는 번거럽지만 무음구간 편집 같은 기능은 정말 좋아요  에이아이 기능도 도전해보고 싶네요,긍정,0.93760746717453
5,2023-11-12,기능이 여러가지로 쉽고 편리함,긍정,0.9845402836799622
5,2023-08-06,정말 사용하기 편하고 간단하고 퀄리티 좋고....거기에 무료.... 일단 제가 필요로 하는 기능은 거의 다 있네요   감사합니다.,긍정,0.9905473589897156
2,2023-08-04,Unfortunately the app doesn't support Arabic.any soon updates?,긍정,0.8431366086006165
5,2021-05-17,前は非常に良かったけど、急にプロジェクトを保存出来なくなってとても困ってる。以前は良かっただけに今はとても困ってる。早く治して欲しい,긍정,0.6654792428016663
5,2020-10-31,"After having Simple caption apps stop working for me in the last month, I thought I would be without an app and unable to caption my videos. But then after finding this app I was more than satisfied in its performance, in the fact that the watermark isn’t huge, and the fact that it’s free. This app does what so many caption subscription apps should do. It is a great quality and I look forward to using it to caption all of my future videos.",긍정,0.9549338817596436
5,2020-10-28,"This app is so far one of the best I have used. It can detect the texts from sound and converted them into subtitles.  Not only it can add subtitles to videos, but the subtitles can be adjusted with size and colors.  Plus, there’s an option to copy all subtitles as text only.  There’s one more function that’s extremely helpful, the translation.  Right now there are several important languages that are available. One can choose to translate it and keep the converted language or just keep two languages together.  Thank you so much for developing such a good application. Really  appreciate it!!",긍정,0.870913028717041
1,2020-08-21,App is way to hard to use and is confusing. Please improve the ui,긍정,0.8499570488929749
5,2020-07-14,"I love Vrew! Such an affordable app! Rating this five stars! Good job, Vrew Team!",긍정,0.9788345098495483
5,2020-06-05,This app is fantastic! If you are looking to add subtitles to your videos this app is this best! The app comes with a range of customizations and even exports to SRT.,긍정,0.9183403849601746
5,2020-02-10,"i want to buy this and remove the watermark, when will this be available? other than that, it's a pretty neat app!",긍정,0.9096329808235168
5,2020-01-02,"First time using video editing app. It’s so much easier than I thought. Putting subtitles in the clips makes all of my Videos more fun and dynamic. I know this app needs more improvement but let’s see how far they can make it thru. Easy, fun, and most importantly it is free! Thank you.",긍정,0.9742208123207092
1,2025-11-15,PC版でなければai音声を生成できない。iPhoneで作業したいため、いまは仕方なくCapCutを使っている。,긍정,0.664618730545044
5,2025-10-26,使いやすいです,긍정,0.7414153814315796
5,2025-10-04,即座に文字起こししてくれるアプリのパイオニア！他のアプリ使っても結局vrewが1番！,긍정,0.6464716792106628
3,2025-09-02,パソコンからはGoogleアカウントでログインが出来るのに、iPhoneアプリからは使えないのでしょうか。 パソコンからGoogleログインを設定したので、共用するには普通にメールアドレスとパスワードでアカウントを作り直さなければなりません。,긍정,0.6125845909118652
1,2025-07-28,画像、動画何も読み込めない。 速攻で退会した。,긍정,0.5024007558822632
1,2025-06-13,"I’ve never been able to use the mobile app because there’s no option to log in with a Google account. As a paying user, it’s frustrating that this login method isn’t even available. I’ve been editing videos using the PC version instead, but I really hope you will add Google login support for the mobile app soon. アプリ版は使いたくても、Googleアカウントでログインできないため一度も使えていません。そもそもログイン方法としてGoogleアカウントが用意されていないのは、有料ユーザーとして納得がいきません。仕方なくPC版で動画編集をしていますが、アプリでも使えるように早急に対応していただきたいです。",긍정,0.8453086614608765
1,2025-05-08,文字起こしをしたいのに、スロー再生になって音声も文字も意味が全く分からない。,긍정,0.875939130783081
4,2025-05-05,よく分からなくてすぐ削除したんだけど再びどうにも翻訳が必要になり再挑戦。 今回はすぐ翻訳できました！前は何故出来なかったのかが思い出せない…。 分数制限とかあるんですかね？,긍정,0.5100304484367371
3,2025-04-28,なんか原因不明のアプリ落ちて今現在困ってるけど、原因分からないから最悪,부정,0.086419016122818
5,2025-04-14,なぜbgmは入れれて効果音は入れれないのでしょう？iPad版にも早く実装してほしいです。,긍정,0.5413764715194702
5,2025-04-10,これは使いやすい！初めてなのにスイスイ使えるー❣️,긍정,0.7152530550956726
5,2024-10-01,字幕や編集に役立ちます。,긍정,0.6475678086280823
4,2024-09-18,古稀のシニアにやる気を起こさせて くれて本当に嬉しい😃まだ拙い 字幕だけど達成感あり🙏,긍정,0.8475364446640015
5,2024-09-15,めちゃくちゃ使いやすい！,긍정,0.7504145503044128
5,2024-06-03,動画を読み込もうとすると、401エラーが出ます。  再起動すれば直りますが、なんとかなりませんか？,긍정,0.6460921168327332
4,2024-05-30,縦書きができれば最高です！！お願いします！,긍정,0.9600058794021606
5,2024-05-21,すごいと思った！,긍정,0.8388693332672119
3,2024-05-15,書き出しの際フレームレートと画質ををもっと細かく設定できるといいと思います,부정,0.47838810086250305
5,2024-03-14,特に余分な部分のカットがやりやすい。 無料で字幕のカラーや書体も選べるので大満足。 カット作業と字幕作業の短縮に役立ちました。 お勧めのツールです。,긍정,0.5259159207344055
5,2024-02-11,とっても良き,긍정,0.8640733361244202
4,2024-02-08,ダークモードの追加と、 🤣👏←これ無くしてくれませんか？,긍정,0.7488742470741272
3,2024-02-07,テキストから動画を作れると聞いてダウンロードしたけれど、、、出来ないようですね。自動で字幕作れるのは知っていましたし、便利ですよ。テキストから動画の機能を、どうかiPadアプリ版にもお願いします。,긍정,0.6405792236328125
5,2024-02-05,初めて使用させて頂きましたが、初心者の私でも完成させる事ができました。有難うございます,긍정,0.880287230014801
3,2024-01-23,iPhone版なんだね、PC版と違って。,긍정,0.7011021375656128
3,2023-10-22,まだ、使い方がわからない,긍정,0.6806005239486694
5,2023-10-11,このアプリに出逢ってから動画編集がどんなに楽になったか...ありがとうございます！,긍정,0.5956653952598572
5,2023-08-30,直感的に使えて本当に重宝しています！,긍정,0.8926517367362976
4,2023-07-27,フォントの追加が出来ません。 やり方はあるのでしょうか…？  出来たら⭐️5 とっても便利で無料なのでありがたいアプリです！,부정,0.12536287307739258
5,2023-05-22,無料の音楽が沢山あって動画が楽しく作れるので､楽しいです。,부정,0.08618228137493134
5,2023-05-09,Very easy to use! This app is a great idea!  but I'd love to see French added!,긍정,0.9899370670318604
1,2023-04-14,ログイン出来ませんし出来たとしても音声読み込み出来ません。 復旧願います。,긍정,0.5304741859436035
4,2023-04-12,無料にしては良いが有料ならしゃべりと字幕の始まりのズレ0.2秒前後、しゃべりと字幕のズレがあるので製品にしては悪いと評価せざるを得ない。そして数年このアプリにはお世話になっているがデータを回収しているくせに音声からの文字起こしにスペックが反映されていないのは進化が感じられない。,긍정,0.7769973874092102
1,2023-03-20,文字が全て「？」になって一文字も読みとらねえじゃねえか。とんだゴミアプリだな。バグを直さない限り星一つですね。,긍정,0.7889482378959656
5,2023-01-23,あっというまに、できちゃう！,긍정,0.6488514542579651
5,2023-01-20,使いやすい,긍정,0.7414153814315796
5,2022-12-13,文字入れが楽で、動画がアップしやすくなりました。  文字の編集作業も、簡単で使い勝手がいいです👍,긍정,0.6950100064277649
2,2022-10-18,音声聞き取りが間違うならまだ許せる。 間違ってるとこ手打ちで直したのに、文字化けして正しく表示されない。 これじゃ使えないです。 良さそうだと期待したのに、ガッカリ,긍정,0.7349387407302856
5,2022-09-16,アクションカメラからチョット遠ざかり、現在はiphone (カメラ機能が多様化された為)に集中しております。静止画像にもテキストを挿入しながらの編集ですq,긍정,0.7198835015296936
3,2022-09-13,ios16へアップデートした瞬間、全てのエクスポートが不可になりました。。 早急のご対応をお願いします。 機種　iPhone12 Pro MAX,긍정,0.6759970188140869
5,2022-08-19,何もかもが便利で感動です。 保存は、このアプリの中ではなく自分の写真フォルダへの保存のみになるの？だけ分からなかったのですが、そんなことは気にならないくらい機能の充実、広告まで無料で消せるし音楽もついているし、字幕の正確さは他のアプリより抜きん出てすばらしいです！,긍정,0.8294596076011658
5,2022-08-16,字幕を手動で入れることに、時間と労力を費やして悩んでいたので、本当に助かっています！！ 色や文字の系統までカスタマイズ出来て、特に表示されるタイミングを合わせる手間が省けたので、今後も字幕入れに必須のアプリです！,긍정,0.7468506097793579
4,2022-08-13,音楽付き動画を翻訳する場合は、テキストとして現れない、また言語の読み取りがすこし弱く、訛った英語などは聞き取れないようです。 YouTube並の力を発揮してくれれば、パーフェクトです👍,긍정,0.6338188648223877
4,2022-08-09,動画編集に使用しておりますとっても素晴らしいアプリだと思いますただ1点気になる点が …iPadで編集しているんですが、一度iPad修理に出そうと思っております、プロジェクトを他のものに書き出すことができないんでしょうか？,긍정,0.675416111946106
4,2022-08-07,全般的に本当に素晴らしいアプリで重宝しています。 しかし、プレヴューと書き出した動画の字幕位置が一致しないケースが多々あります。 画面いっぱいに字幕があるようなケースでは、プレヴューではきちんと収まっているのに、書き出した動画では画面外にはみ出したり、意図しない改行が発生します。書き出してみるまでわからないので、長尺の動画の結果にはガッカリさせられます。,긍정,0.5861844420433044
5,2022-07-05,いやーこれはとても使いやすくていいアプリですます。とりまあーなるほどね,긍정,0.6579397916793823
5,2022-05-16,これまでも自分で素人なりに編集してきたけど、これはすごく編集しやすくて嬉しい,긍정,0.5231135487556458
5,2022-05-03,初めて使わせて頂きましたけど、 素人でも使いやすかったです。,긍정,0.7331704497337341
5,2022-04-30,たまにバグを起こします！ 私の場合はずーっと前からおかしいと思っていたんですが、携帯が恐らく壊れてるんだと思います。 毎回和訳がおかしいので。 評価は満点です💯,긍정,0.6848848462104797
5,2022-04-15,こんな高レベルの字幕AIアプリが、無料で使えるなんて最高すぎです！逆になんか裏があるんじゃないかと心配になるレベル…ないですよね？？,긍정,0.9024601578712463
3,2022-03-20,韓国語の動画で字幕を韓国語→日本語に変換してほしくてこのアプリを入れましたが、日本語がおかしすぎて意味が全くわからないので困ってます。改善お願いします。,긍정,0.8176488876342773
4,2022-03-15,文字起こしの精度も高く、有料レベルで使いやすいです。  PC版ではキーボードのカーソルキーで字幕編集エリアに移動出来るのですが、iPad版では何故か移動できなくて不便です。  iPadで編集時、SDカードから直接読めるようになれば、より使いやすくなると思いました。,긍정,0.6646469831466675
5,2022-02-10,YouTubeの動画を作る時に最高に使いやすいです。字幕も自動で生成してくれて、余計な部分もカットしてくれます。,긍정,0.8646447062492371
5,2022-01-31,友人に教えてもらいました！  めっちゃ使いやすくて感動です😄  これなら僕でもショート動画を気軽に作れます。  ありがとうございます。,긍정,0.7236114740371704
5,2022-01-17,iPhoneだとフランス語が使えません フランス語は多くの人が使っている言語です お願いします,긍정,0.7498785853385925
5,2022-01-10,素晴らしいです,긍정,0.7884255051612854
3,2021-12-23,他の翻訳アプリは写真がほとんどで動画の翻訳ができないので、 このアプリはSNSの動画を翻訳ができるのがとても良いですね だだ、ドイツ語の翻訳ができないのがとても残念です ドイツ語の翻訳もできるようになってほしいです,긍정,0.6855345368385315
5,2021-12-11,文字起こしにかかる時間も早く、操作も簡単でした。かなりの時短になること間違いなしです。,긍정,0.5550200939178467
5,2021-10-25,意外とスムーズに簡単に編集できました。,긍정,0.5596199631690979
5,2021-10-24,最高だね！,긍정,0.9818068742752075
1,2021-10-06,私の滑舌が悪いのか何度やっても言ってない言葉で変な言葉に変換されてしまいます。 全く使えませんでした。,부정,0.4553658664226532
5,2021-10-06,"Best part of this app is we can add captions to different languages and app itself will translate it !!  For example, if you use Japanese language in the video and you want to add English caption.  In this case, this app will automatically generate the Japanese by voice recognition and you can translate the Japanese captions to English!!   Obviously there are some inaccurate translations but you can adjust very easily!!   So helpful!!   Thanks and biggest shoutout for the development team!!",긍정,0.9706849455833435
1,2021-09-23,一人で喋ってるとこでもほとんど認識されない 割とはっきり喋ってるとこも全然ダメ 動画指定するだけだし何も間違えてないはず 他の人の評価がいいので何かあるのかもしれないけど とりあえず全く使い物にならないので 現状評価1,긍정,0.5890491604804993
1,2021-09-18,インポートして、もう一度戻って、動画を編集しようとしたら、字幕だけ残ってました。 再編集できなくなりました。,긍정,0.622572124004364
3,2021-09-15,非常に使い易く素晴らしいアプリですが、英語にするとy g jなどの縦長の文字が少し消えます。改善されたら嬉しいです。,긍정,0.5111894011497498
5,2021-09-09,神です！ こういうのよくわからなかったんですが、すぐ使えるようになりましたし、全てが神です,긍정,0.8073337078094482
1,2021-09-04,🤣←この絵文字の消し方がわからない。空白にしても出てくる。❔のところに来ると必ず表示されてしまう。,부정,0.4225592315196991
1,2021-08-29,対応いただいた者ですが記載されてるメールアドレスに送信してもメールが返ってきます。アドレスは間違ってないですか？ 受信可能なメールアドレスを今一度記載して頂けますと幸いです。,부정,0.2657240927219391
5,2021-08-25,YouTubeの自動字幕より精度が高く、気に入っています。ただ、行選択が一行ずつしか出来ないので、長い動画だと面倒くさい。シフトで一気に複数行選択出来るようにして欲しいです。,긍정,0.7204306125640869
5,2021-08-18,喋ってない所は直ぐにかなり早くカットでき、字幕の精度もほぼ完璧。  YouTubeの字幕と比べると比べ物にならない良さがある。  時短に繋がるのでYouTubeなどやっている人は必須アプリかと思います。,긍정,0.9404370188713074
5,2021-08-12,動画編集などにあまり詳しくない私でも、迷わずできました！ありがたいアプリです。,긍정,0.6354411840438843
5,2021-08-08,字幕に時間かかっていたのが、あっという間に変換！！ サイコーーー これは、有料版でも購入するクオリティー🌟 無料で、本当に感謝！！！,긍정,0.7352755069732666
5,2021-07-30,編集がむちゃくちゃ楽になった。これで無課金はヤバイ！オススメです！,긍정,0.5650519728660583
4,2021-07-07,音ズレとノイズをなくしてほしいです それ以外はとても良いです,긍정,0.6087571978569031
5,2021-07-01,完璧ですっ！,긍정,0.866252601146698
5,2021-06-28,文字起こしだけでもありがたいですが、さらに翻訳機能も付いたので抜群に役に立っております,긍정,0.6218795776367188
5,2021-06-09,音がずれるのをアプリ内で修正できるようにして欲しいです 外は満足です,긍정,0.7410147190093994
5,2021-05-27,素晴らしいアプリなのですが、[?]の部分を一括で削除することは出来るのでしょうか。 置換機能で一括削除を試みましたが、検索に引っかからない状態です。 ご教授の程よろしくお願いします。,긍정,0.5359753966331482
1,2021-05-23,エクスポートした動画の字幕が編集画面での字幕と異なり、2段に改行されている時がある。1本編集するたびに１回〜２回起こるので、エクスポートした後確認して直し、再度エクスポートするという、作業効率が結果悪い状況になっているので、早急に直して欲しい,부정,0.37809741497039795
5,2021-05-21,字幕入れるだけに使用しているのですが 無料でこの操作性なら満足です 欲をいえば縦書きも対応されるとありがたいかな,부정,0.29235514998435974
5,2021-05-18,最高のアプリです。英語→英語なのですが、それに日本語訳をつける機能が欲しいです。 PS と思ってレビュー記入したら！翌日、アプリのチームからわざわざご回答頂きました。早いっ！ 「英語を日本語に翻訳する機能は編集画面の左上にある【三】ボタンを押すと【字幕を翻訳する】機能があります！そちらの機能を利用すると英語を日本語に訳することができます。」 という事です。最高の中の最高！Best of the Bestです！  ありがとうございます😊,긍정,0.9670069217681885
4,2021-04-21,こんな簡単に字幕が付くのは楽で嬉しいです 助かってます。、みなさんも是非損はないと思いますのでオススメします。 iPhoneやiPadで作った動画を同じアカウントであれば見られると嬉しいのですが、編集登録した端末のみでの視聴となるようなのでそこは残念でした。同じアカウントでログインしているので見れたら星5個でした😙,긍정,0.6878013014793396
4,2021-04-15,かれこれ１年位、動画の字幕付けに愛用しています。 音声入りの動画をこのアプリにアップするだけで、字幕が入るので、誤った部分や、字幕を入れるタイミングの調整をすれば、字幕入りの動画に加工できるので気に入って、課金しています。  デベロッパーさんへ 最近(2021年４月現在)、アプリに動画をアップしたときに、字幕のタイミングが著しくズレているようで、以前ほどのスマートさが感じられないのですが、iOSアップデートへの同調が遅れているのでしょうか？,긍정,0.7779644131660461
1,2021-04-06,(迷惑フォルダも確認しましたが見つかりません) どう対処していけばいいでしょうか？ ちなみに使用メールはGmailです。,긍정,0.6156418919563293
5,2021-03-28,いいアプリ提供して下さりありがとうございますw,긍정,0.6984555125236511
5,2021-03-17,すっごく使いやすい 説明なしでもサクサク行ける その上かなり正確 数字には弱いようだ さらに必要のないところを削除できて編集にも役立つ 文字の出るタイミングは、多分編集出来ない(私がわかってないだけの可能性もあるが) スマホでのyoutube動画の字幕作成に使ってるが、センスの良いデザインも選択できる  気に入ってます。大感謝,긍정,0.8816742897033691
5,2021-03-07,操作方法については、少し分かりにくい箇所(どこで分割や結合できるのかなど)あるが、慣れれば、かなり感覚的に使える。しかもこれが無料。パソコン版も使ったことがあるが、特に「アプリ版だからここが不便」というものはないです。ありがとうございます。,부정,0.4358418583869934
5,2021-03-06,ジェットカットが非常に優秀です。  字幕変換に関しては滑舌をしっかりゆっくり喋れば問題ありませんが、私は早口で滑舌も良くないので誤変換が3〜4割ほどあります。  YouTube動画の作成に重宝しています。,긍정,0.8484896421432495
5,2021-02-27,無料でここまで使えるとは神アプリです。最初は修正だらけだった音声認識ですが、どんどん進化して作業にさほど手間がかからなくなりました。字幕の位置や色、フォントも種類が豊富でありがたいです。,긍정,0.8379601836204529
5,2021-02-11,使いやすいです！,긍정,0.7295957803726196
5,2021-02-08,いつもYouTubeの動画編集に使わせてもらっています。今まで手動で字幕を入力していたのですが、このアプリのおかげで字幕を入力するのが楽になり、動画編集にかける時間が少なくなって助かります,긍정,0.5216822028160095
4,2021-01-30,とても素晴らしいアプリです！！ このアプリと出会ってから動画の投稿頻度が爆上がりしました。 しかし、音ズレが気になります。 iPadで編集後、パソコンで修正するので良いのですがvrewで編集後アップ出来たらさらに便利です。  そして、ちょっと前までmov形式で書き出し出来ましたが何故かmp4形式でしか書き出せなくなりました。  またこれは要望ですが、音声入力された字幕とは別に字幕を新規に入れられると良いなと思いました。  自分の音声に対して文字でツッコミを入れるので…(笑)  とっても良いアプリなのでこちらを是非改善していただけたらと思います。 これからも応援しております！！,긍정,0.6017062067985535
5,2021-01-26,動画の編集は出来るけど写真の編集が出来ないのが残念　　　　　　写真の編集が出来るようにしてください！,긍정,0.6118103861808777
2,2021-01-16,機能は良いのですが、エクスポートした動画の色合いが凄い事になるのですが、何故でしょうか？,긍정,0.685951828956604
5,2020-12-24,このアプリを作ってくれたことに感謝しかありません本当にありがとうございます😊,긍정,0.9199710488319397
4,2020-12-23,いつも動画編集で重宝させていただいています！UIがシンプルでとても使いやすいです！一つお願いなのですが中国語から日本語への自動翻訳機能を追加してくれると助かります！無料で使わせて持っている身分でわがままかもしれませんが、ご検討お願いします！ 長文失礼しましたm(_ _)m,긍정,0.7715100049972534
1,2020-12-06,このアプリ使い勝手悪くはないんですけど何時間もかけて編集した後にエクスポートしたら文字の配列大きさが変わってることが多すぎます。 いい加減に治してください。,긍정,0.8090423941612244
5,2020-12-04,いいです。 使いやすいし最高！ 効果音とかも入れてみたい,긍정,0.9830508828163147
4,2020-11-28,翻訳であまり正しく読み取ってくれないので、もう少し性能を上げていただければ、もう感謝しかありません(｡ᵕᴗᵕ｡),긍정,0.6638162732124329
1,2020-11-28,ア◯ルとか下品な言葉ばっかり翻訳されて草,부정,0.39703378081321716
1,2020-11-20,正直使えない。ただテロップをAdobeのプレミアで入れるよりは　手動で大幅に修正しながら入れられるので簡単,긍정,0.8492828607559204
4,2020-11-16,とても重宝してます。 文字の色が変えられるし、編集しやすいし、 これで無料なのが不思議なくらいです。  強いて挙げるなら、新しく動画編集をするのに一回一回アプリを終了させないといけないところが少し不便と言ったところでしょうか。 編集環境はiPad Proですが、私だけかもです。,부정,0.4019988179206848
1,2020-11-05,とりあえず作った動画の削除方法が解らすエクスポート先の動画と元動画を削除したからか、ホームをタップするとフリーズする。ユーザーの解説をいくつか見ても、終わらせ方が解らない。,긍정,0.6205666065216064
5,2020-11-04,一つお願いがあります！できれば下ネタ系の単語は非表示にしてもらえませんでしょうか。たまに読み込み間違いで「ち○この硬さが…」とか、ひどい単語のものに間違って変換されています(＞人＜;),부정,0.44084227085113525
5,2020-10-26,授業がオンライン化され、教えている学生などに聴覚障害の学生もいるため、字幕が欠かせません。 ほかのアプリケーションより音声認識が正しく、後からの修正も楽なため手早く編集可能で重宝しています！  数字の音声認識後の変換が数字ではなく、音の読みになってしまうので(“13”といれたいのに”じゅうさん”となってしまう)そこだけが今後に期待の部分です。,긍정,0.7772477269172668
3,2020-10-25,縦書きがほしい,긍정,0.5610135793685913
4,2020-10-14,しゃべり手が二人いる場合分けて文字を起こすことはできますか？,긍정,0.7569855451583862
5,2020-09-24,アップデートしたらテキスト部分をタップしても編集できなくなってしまいました。 修正内容が見つかって、直したいのですが、反応せず、とても困っています。 同じ現象が起きている方、いらっしゃらないですか？ どう対処したら良いでしょうか？,긍정,0.7680888772010803
5,2020-09-22,是非対応言語を増やしていただきたいです。 特に中国語！ お願いしますmm,긍정,0.8371880054473877
1,2020-09-19,アプリ側からもクレームして返事待ちです。 音声認識をして字幕修正中の動画が消えてしまって心底困っています。 会員登録が必要になって、登録前に作業していたものも消えてしまったことがあったが、それは当方の場合はもう過去のことで問題なかったので流してましたが。 会員情報まわりが非常に不安なのでお気をつけください。 何か対応があれば再度レビューします,긍정,0.5921947360038757
3,2020-09-05,とてもありがたいアプリですが、あまり機能してないような気がします。韓国ドラマをこれで見てますが翻訳できてないことが多いです,긍정,0.8283501863479614
2,2020-08-28,カットしたつなぎ目のところでブチッと異音が頻繁に発生します  改善に期待しています,부정,0.3412076532840729
4,2020-08-12,mp3でのエクスポートが無くなったからなのかvrewで、字幕を付けた動画をiPhoneに、エクスポートすると、テロップが最初のまま動きません。  非常に、助かっていただけにどうしたら良いか分からず書き込みました。 iPhone xsで使用してます。こちらの操作で改善できるなら情報願います。,긍정,0.8238974809646606
4,2020-08-05,凄く凄く使いやすくて、字幕編集に使用しているのですが、複数のテキストを入力できるようにして欲しいです。 それができれば本当に文句なしです！,긍정,0.7561092972755432
3,2020-08-04,字幕つけるのはとってもいいと思います。いつもの半分以下の時間でできます！それはいいんですけど、保存しようとしても保存できないし、LINEにも送れません。一緒にYouTubeやってる仲間に送れなくて今困っています。どうしたらいいでしょうか。,긍정,0.6343333125114441
4,2020-06-08,画期的なアプリですね。 編集アプリへの書き出しをお願いしまーす！,긍정,0.5790116190910339
5,2020-06-08,アプリにはいっている無料の音楽を入れてYouTubeにアップしても著作権的に 大丈夫ですか？,부정,0.1341876983642578
5,2020-06-06,こんなアプリ探していました 1つこうして欲しいものがあります。本当はあるのか分かりませんが変換した語句を違う語句に言い換える必要があった場合、全て探して変換しないといけないので最初に変換したら全てに反映する一括変換する機能があると更に良いです。でも今までの手間を考えれば神アプリです。,긍정,0.6409764885902405
5,2020-05-31,神じゃん,긍정,0.6635422110557556
5,2020-05-20,カット編集のために使ってみましたが、めちゃくちゃ便利で感動しました！ 無音だけでなく任意の語句も一括消去できたらもっと助かります！,긍정,0.6102496981620789
4,2020-05-19,Vrewの字幕と動画編集のアプローチは文句なく素晴らしい出来だと思います。性能については申し分なく、macOS上でどんどん編集などして使い慣れていってます。  そこで、iPad版でも便利に使いたいと思ったのですが、macのキーボードショートカットに慣れたため、どうしてもタッチ操作だけだと違和感が大きくなってきました。  Macgic Keyboad for iPadも登場し、iPadもトラックパッドが使えるようになりましたので、ぜひそちらに対応してもらえたら、さらにVrewの活躍する場面が増えると思います。  よろしくお願いします。,긍정,0.7037291526794434
5,2020-05-05,本当に助かっております！ ひとつ可能ならお願いしたいのですが BGMの音量をコマごとに変えることができるようになるとうれしいです！ タイトル画像の時は上げて、動画に入ったら下げるっていう風にしたいのでご検討くださいませ。,긍정,0.7266111373901367
5,2020-05-05,なぜ無料で提供されているのかが分からないくらいすごい。 アプリも落ちない。 日本語翻訳もほぼ完璧。 感謝感激雨嵐。  製作者さん本当にありがとうございます。,부정,0.46202555298805237
4,2020-05-04,精度の高い字幕、そして空白の部分を自動カットしてくれる、有能なアプリ！ これを望んでいたと言っても過言ではない あとは手動でカットできる機能も欲しかったですね。 Android版も出してほしいですね^_^ よろしくお願いします🤲,긍정,0.8962491750717163
5,2020-04-30,最近のアプリは恐ろしく凄い･･･,긍정,0.8939179182052612
4,2020-04-10,ものすごく便利です！ただエキスポートするとファイルサイズが小さくなって4kから720に変わりました。,긍정,0.5292292237281799
4,2020-03-31,日本語のラジオの文字起こしに使用しています。文字起こしに関しては少し修正するだけでいいので重宝しています。二人以上が同時に喋っていると、どうしてもぐちゃぐちゃにはなってしまいますが...  フォントも文字の装飾パターンも豊富で（装飾方法の保存もできる）、字幕の位置も自由に変えられて。二つ以上の動画を読み込んだままにしておけるのも良いです！  ただ、デスクトップ版にあるような字幕のタイミングの細かな変更ができないので、字幕が不自然なタイミングになってしまうことがあります。デスクトップ版と同じようにタイミングを修正できる機能をつけていただけたら嬉しいです！（反対にデスクトップ版は文字の装飾や位置に制限があるのでアプリの方がまだ使い勝手が良いです）,긍정,0.7188685536384583
2,2020-03-25,先日は第二世代のiPad proですぐエクスポート出来たんですが、本日iPhone11でエクスポートがかれこれ2時間は出来ません。 9分弱、テロップなしです。iPhone11では出来ないのでしょうか。,부정,0.22733457386493683
5,2020-03-09,半信半疑で使ってみましたが、これだけの読取解析が出来るのかと驚かされました。 最近になって動画作成に多くの時間をかける事が増えてきましたが、字幕作成の苦労に悩む事が多く苦慮していました。 このAPPを活用すれば7割位の文字は自動化されるので、労力はかなり減らせると実感しました。 可能であれば音声データにも対応して欲しい事と、外部ストレージサービスなどからのインポートに対応出来たら有難く思います。,긍정,0.5785384178161621
4,2020-03-04,すごく使えるけど、いくつかの点で不満がある。 一つは、笑い声のところで絵文字が出てくること。これ→🤣 字幕つけるとこに絵文字で表現することがあるのかな？と思わされる。精々インスタのようなSNSくらい？ 二つ目は、字幕の切り方。言葉をいくつかのまとまりにして字幕を生成してくれるのだが、まとまりが大きすぎて画面に字が大量にあるということが起きる。その間最初の方の字幕が消えることがないのでやたらと冗長になる。自分で字幕のまとまりを決められるようにしたい。 三つ目は、字幕の出方がひとつだと言うこと。いくつか演出があったらいいと思う。 まだまだ使い始めたばかりなので、もしかしたら既に機能が備わってるかもしれませんが、製品の向上に役立てたらいいと思います。無料だし、わがまま言い過ぎな気もしますが…笑,긍정,0.6875464916229248
4,2020-03-02,動画の音声の文字起こしをしてくれる。驚くのは精度と、動画とのタイミング。 普段撮ったファミリー動画も、これでテロップ入るだけで全然違う。 精度は完璧とは言えないが、かなり高い精度だと思う。AIを一番身近に感じた瞬間でした。 テロップの結合や分離も簡単だし、これがあればYoutubeの原稿書きも楽チンだし、そのまま動画アップも出来ますね。 最高のアプリです。,긍정,0.8919063210487366
5,2020-01-18,精度もタイミングもほぼほぼ問題なく、これを自動でやってくれるのは驚異的です。 が、最終的に出来上がった動画をチェックすると、微妙な音ズレ(映像より音声が遅くなる)が発生してしまいます。大幅なズレではないですが、少し違和感があります。アプリ内で修正できるようになったら嬉しいのですが…(ipad版で8分ほどの動画です),긍정,0.6929616928100586
5,2020-01-09,神,긍정,0.7492709755897522
5,2019-11-23,自分のしたいレベルの動画は、読み込んだ時点でテロップつきで7割完成してくれたため、仕事がめちゃ楽になりました。 このアプリが広まるまでは、周りの人から仕事が早い人に見られるかもしれない。 誤った聞き取りや、漢字の修正も簡単に出来るため、とても便利です。 こういうアプリを待ってました、作ってくれてありがとう◎,긍정,0.7084171175956726
5,2019-10-17,話した内容を字幕にしてくれるのだが、他の音声入力アプリと違う点は、動画としっかりタイミングを合わせてくれること。これは大変素晴らしい機能で、従来動画編集ソフトでやるところをほぼ自動でやれてしまう。 精度はこれからも学習が続いていくだろうから、期待したい。 内容が間違っていても画面を見ながら簡単に編集できるのも良い。 運営会社の改善して良いものを作ろうとする姿勢も好感がもてるので応援したい。（ウェブ版もあるようです。）,긍정,0.8893731236457825
1,NaT,app앱에서는 되는 기능이 1도 없어요. 왜 만든거에요?,부정,0.012747030705213547
5,NaT,"처음 경험하는 Vrew, 생소하고 긴장이 됩니다. 열심히 배워 잘 활용하도록 하겠습니다. 감사합니다.",긍정,0.9718860387802124
1,NaT,아무것도 안돼는데요?,부정,0.010847880505025387
1,NaT,앱에서는 할수있논갯도 없고 전부 pc에서 하라는데 앱은 뭐하러 만든거야 어이가 없녜,부정,0.004830785095691681
5,NaT,완전 좋아요,긍정,0.7881696820259094
5,NaT,갤럭시텝으로 사용하고 싶은데 pc버전은 안되나요?,긍정,0.6975938677787781
3,NaT,태블릿은 영상 두개를 합쳐서 쓸수가 없네요,부정,0.31534063816070557
3,NaT,내보내기 안됨 오류 어떻게 하나요? 유료결제해서 사용잘하고있다가 지난주부터 영상내보내기 안되서 아예 사용못하고있어요. 작업시간만 많이들였는데 마지막에 내보내기 안되고 다시 해도 안되고 그래요. 방법좀 알려주세요,부정,0.005860841833055019
4,NaT,힌디어자막 만들기도 지원해주세요/유튜브 주소링크 영상으로 자막 생성할수있게 업데이트와 수정해주세요,긍정,0.9112778902053833
1,NaT,유료결제했는데 전부다 pc버전에서 쓰라고하면 어플에서 되는건 뭔가요?,부정,0.15571030974388123
5,NaT,글씨체 어떻게 바꿔요?? 아이폰에서 안드로이드로ㅜ바꿨는데... 왜 글씨체가 안바뀔까요??? 왜 없을까요 돈 쓰라면 쓸께요 ㅠㅠ,부정,0.15104301273822784
5,NaT,멋진 영상 만들어 볼께요 감사합니다,긍정,0.9615802764892578
4,NaT,자막 개별 색상 변경은 어떻게하나요? 하나씩 선택해서 눌러봐도 모든자막전체 색상이 다 변해버려요,부정,0.12355347722768784
5,NaT,좋아요,긍정,0.7876030206680298
3,NaT,저장하면 영상이 깨집니다. 개선이 되었으면 좋겠네요.,부정,0.45550277829170227
5,NaT,완전 제가 찾던 앱 그자체ㅠㅠ 넘 좋아요,긍정,0.9925897121429443
4,NaT,편집이랑 자막도 잘 되는데 스티커랑 노래를 못 넣는게 단점이라고 보시면 되겠습니다.,긍정,0.7881150245666504
5,NaT,아주 유용하게 잘 쓰고 있습니다,긍정,0.8907947540283203
5,NaT,잘 사용,긍정,0.9129930138587952
2,NaT,다좋은데 모바일로는 할수있는게 없음,긍정,0.5218416452407837
5,NaT,쓰기 편해서 진짜 좋네요. 초보분들 이걸로 편집 시작하시면 좋을 듯,긍정,0.9848207831382751
4,NaT,AI이미지 다운로드 할시 자꾸 기형사람 사진이 자주 생성되요 사람 손가락이 6개 이런 기형사람 이미지가 생성됩니다. 이거문제좀 해결해 주세요.,부정,0.34688055515289307
5,NaT,유료 연간 구독자입니다. 다 좋습니다~ 다루기에 직관적이고 쉽습니다. 그런데 음성이랑 생성된 자막이 불일치할 때가 적지 않습니다. 이 부분 때문에 일일이 자막과 소리가 일치하는지 다 들어보면서 확인한 후 편집해야 하는 번거로움이 있습니다. 이 부분 개선해주시면 감사하겠습니다. 개선 확인되면 이 리뷰는 바로 삭제하거나 수정하겠습니다.,긍정,0.8533895015716553
2,NaT,긴 영상 편집 다 했는데 자막 밀리고 영상 밀리고 엉망임.,부정,0.004422816913574934
2,NaT,영상브루로편집하고나면 음성과영상이 불일치하듯이 살짝늘밀립니다...ㅜ.ㅜ 브루를자막으로안쓰고 원본에 자막이있는영상을 무음부분제거용으로쓰는데 브루로인코딩하고나면 처음엔 안밀리다가 중간부분부터 한 0.5초?정도자막이 밀리는증상이심합니다 늘 그래요,부정,0.01748129539191723
1,NaT,전화를 많이 시도 했는데 절대 전화를 안받아서 짜증남,부정,0.003146149916574359
5,NaT,바탕화면의바로가기만들기,긍정,0.5507051944732666
1,NaT,내보내기가 안돼요,부정,0.02416512556374073
1,NaT,목소리가 슬로우모드에 음성변조가되버려요,부정,0.076600581407547
3,NaT,아니..초라고 말했는데..왜 호흡이라고 다오죠?그리고 글씨 색깔은 어떡에 봐꿔요?좋은 점는 초라고 말했는데 호흡이라고 나왔다고 했잖아요.호흡을 초로 글씨로 봐꿔도 됬서 3점 드려게요!,부정,0.003598290728405118
1,NaT,힘들게 편집다하고 내보내기 누르면 영상 끊기고 자막밀려서 쓸수가 없어요,부정,0.0025767229963093996
4,NaT,한번도 사용을 하지않았습니다 ai추천으로,부정,0.09705110639333725
5,NaT,너무 좋은 앱을 만들어주셔서 감사합니다. 잘 사용하고 있습니다.,긍정,0.9729180932044983
4,NaT,편리하게 사용하고 있어요,긍정,0.9516721963882446
5,NaT,유용하게 사용하고 있습니다! 다만 태블릿으로 주로 영상 제작을 하다 보니 가로모드가 지원되지 않는 것이 조금 아쉽습니다만 추후에 기능이 추가될 예정이 있으신지요?,긍정,0.9654898047447205
5,NaT,자막용으로 잘 사용하고 있는 편집기입니다 다만 영상의 비율이 강제로 달라지는 건 해결할 방법이 없나요?,긍정,0.6048285961151123
1,NaT,핸드폰으로 사용불가,부정,0.01304409746080637
1,NaT,모바일 은 안됨 pc만 되네,부정,0.008790036663413048
5,NaT,영상 편집이 쉽고 좋아요. 무료이라서 쉽게 접근할 수 있고요. 앞으로 잘 써 보려고 합니다. 아직 많이 사용해보지는 않았지만 많은 유튜버님 들이 좋다고 합니다.,긍정,0.9885677099227905
3,NaT,모바일도 Ai 영상편집 가능하게 해주세요 빨리요,긍정,0.9051650166511536
4,NaT,정보 확인,긍정,0.9102240204811096
1,NaT,"이거 그냥 광고앱임. 영상제작.편집기능없음 앱클릭하면 PC에서만 제작 가능하다며, 홈페이지 방문하라고만 나옴",부정,0.004262090194970369
2,NaT,자막이 동영상 화면 마다 들어오지 않고 한꺼번에 들어오고요. 책까지 사봤는데 어렵네요.,부정,0.027088146656751633
5,NaT,유료 구독자 입니다. 앱에서 로그인은 어떻게 하는걸까요?,긍정,0.576177179813385
3,NaT,핸드폰으로 실행했는데 자동 자막이 엉뚱하게 나옵니다. 아직 완성도가 많이 떨어지는 것 같네요.,부정,0.035299018025398254
5,NaT,pc로는 정말 감사하게 사용하고 있습니다만. 모바일에서는 원래작동을 안하는건가요?,부정,0.3695996403694153
4,NaT,자막이 정확한 편입니다 다좋은데 저장하고보니 자막이 밀렸네요...,긍정,0.7569732069969177
1,NaT,이런 아무것도 안되는 앱은 왜올리는걸까 기능없고 단순홍보용이라고 써두던지..,부정,0.01041343342512846
5,NaT,편집에 유용합니다,긍정,0.9240325689315796
5,NaT,자동 동영상편집이라니 신기합니다.,긍정,0.7693402171134949
2,NaT,"이해가 안 되는게, ai사진, ai목소리와 같은 기능을 컴퓨터에서만 쓸 수 있도록 했으면 갖다놓지 않는게 맞는데, 세 프로젝트를 누르니 이 기능이 떠서 봤더니 PC에서만 쓸 수 있다 하면 이용자는 많이 당황할겁니다, 이 기능들 빨리 모바일에서도 쓰게 해주세요.",부정,0.35051050782203674
5,NaT,최고입니다. 이런 앱이 무료라니,긍정,0.9866699576377869
5,NaT,좋습니다. 최고입니다,긍정,0.9459760189056396
4,NaT,자동자막 지원,긍정,0.6453223824501038
5,NaT,안녕하세요 저는 pc로 브루라는 편집 프로그램을 즐기고 있는 사람입니다 저는 이 프로그램을 강력추천합니다 ai목소리 그리고 캐릭터 자동으로 등등 너무 좋은게 많아서 말도 못할거 같아요 이거 진짜 어떻게 보면 단순하고 좋아요 깔면 좋음 아직 휴대폰은 사용 안해봤습니다,긍정,0.9922817349433899
5,NaT,좋은데 안드도 기능들이 많아졌으면 하고 폰트도 많아졌음 좋겠어요 아니면 사용자 폰트로 선택할수 있게 ㅜ,긍정,0.9145657420158386
5,NaT,사랑해.,긍정,0.9136205315589905
2,NaT,휴대폰에서 잘못번역된 자막수정이되지 않아요,부정,0.033723920583724976
5,NaT,좋아요,긍정,0.7876030206680298
3,NaT,Pc랑 달른거 같아요 그대신 재미있게 만들어 졌어요,긍정,0.8515946865081787
1,NaT,"자동 구독취소와 환불을 요청하면 빠른 처리해주세요. 결재는 빼가는데, 구독취소와 환불은 왜 이렇게 어렵게 하는지. 이건 아닌듯.",부정,0.007555256597697735
5,NaT,I can tell this is a very well made program but it's hard to pay for upgrading.,긍정,0.6758913993835449
5,NaT,캡컷 유료화 계속 하고 언제 털릴지 모르는 중국 어플 캡컷 쓰느니 이거 쓴다..,부정,0.3120606243610382
1,NaT,무슨 편집앱이라는게 편집 좀 만 하면 영상 파일이 망가져서 나오나요? 이런 앱이 세상에 존재 한다는것이 정말 놀랍습니다.,부정,0.3510609567165375
5,NaT,모바일 앱도 더 잘 만들어주세요~,긍정,0.8853789567947388
1,NaT,1년자동결제 아직 1달 남앗는데 돈이 빠져나갔네요. 구독 취소 햇으니 환불 처리 해주세요. 그리고 돈 빠져나가기전 미리 메일 안주나요?,부정,0.008450810797512531
5,NaT,찐 좋음,긍정,0.9692612290382385
3,NaT,잘사용하다가 갑자기 내보내기가 안되요 ㅠ,부정,0.04169178754091263
5,NaT,다 좋은데. 테블릿에서 가로모드가 안되는것이 아쉽네요.,부정,0.4978737533092499
1,NaT,PC에서 설치후 UI가 마음에 들어서 사용하려 해도 회원가입 메일이 안오는데 어쩌라는 건가요???? 재발송 눌러도 절대 안옵니다 gmail 19일 오전 0시 기준,부정,0.018130281940102577
5,NaT,Pc버젼보다는 좀 떨어지지만.. 쓸만하네요.. pc버젼만큼의 성능은 불가능한건가요?,긍정,0.8631559610366821
5,NaT,"브루 앱 덕분에 제 유튜브 영상 자막추가 성공했습니다 브루 앱 강추합니다 전 주로 유튜브 영상 제작할때 사용하고 있습니다 사용법도 엄청 쉬워서 저같은 왕초보도 쉽게 성공했습니다 여러분 브루 앱 꼭 쓰세요 특히 쇼츠 영상 만들때 딱 좋습니다 자막 제작방법 종류별로 있어서 본인 스타일대로 꾸밀수 있으며 글자,배경,위치도 변경가능 하더라고요 전 완전 대만족~👍",긍정,0.9933751225471497
3,NaT,모바일에서 간단히자막넣기만 가능하고 사용되다 지금은 영상내보내기 안되여 두번삭제하고 다시깔아는데도 오류 원인이 뭘가요,부정,0.004259203094989061
5,NaT,인공지능 자막이라 자막작업하기 좋아요. 다루기가 쉬워요. 워터마크도 세련되고 앞부분에 잠깐 나와서 무료 체험하는 동안 유료로 쓰고 싶다는 생각을 하게 돼요. 번역 자막도 외국 앱인 Fi+++++에 비해서 훨씬 좋았어요.,긍정,0.9925205707550049
1,NaT,pc버전이랑 기능차이 많아!! =쓸모없음!,부정,0.015922140330076218
2,NaT,제발 아이폰처럼 세부적으로 작업할수있게 해주세요 진짜 제발 평생 사용할 의향 있으니깐요,긍정,0.8817099928855896
5,NaT,가끔 영상 업로드가 잘 안되지만 그래도 훌륭합니다 잘 사용하고 있습니다,긍정,0.9759539365768433
1,NaT,PC버전이랑 똑같이 할 수 있게 만들어줬으면 좋겠음... ㅈㅂ...,부정,0.4985924959182739
5,NaT,앱 자체도 깔끔 간단하고 영상 넣기만해도 어느정도 자막이 다 생성돼서 너무 편하고 좋습니다!!,긍정,0.9920837879180908
4,NaT,잘 사용해 보것습니다,부정,0.48873117566108704
4,NaT,ai가 동영상 추천 데이터가 작내요 프로그램 사용법도 부족하구요,부정,0.01960051991045475
4,NaT,좋아요. 근데 자막 스타일 수정하려고 하면 앱 종료되네요.,긍정,0.9441786408424377
1,NaT,자막스타일 편집하려고하면 강제종료됨,부정,0.11739940941333771
5,NaT,단순하게 몰라도 작업 할수 있습니다. 저는 한시간 짜리 자막 넣는데 핸드폰으로 오류 수정시간 한시간정도 들이면 자막만들기가능함니다. 만드느라.수고하셨습니다.,부정,0.4356805682182312
4,NaT,음성인식해서 자막추출하는데 백그라운드로 다른앱으로 넘어가면 작동을 안하네요? 이정도는 되야할것같아요,긍정,0.822939932346344
1,NaT,앱버그 발생해서 안돼요,부정,0.03245091810822487
5,NaT,잘모르겠음,부정,0.30249321460723877
3,NaT,음성 인식을 잘 못하네요,부정,0.026514936238527298
4,NaT,자동 자막 생성되고 너무 좋은데 저는 싱크가 딜레이 되는 문제점이 있습니다 음성이 맞지 않아요 컷을 없애면 자꾸 뒤로 밀립니다 이 문제점 개선 안 될까요?,부정,0.15499761700630188
1,NaT,영상제작시 ai 음성 지원 무료 체험이 있으나 이것 저것 금방소진됨. 유료 결재를 해야 ai 목소리 추가로 사용할 수있음. 가격이 타사 제품보다 비싼편임,부정,0.014175890013575554
4,NaT,"소문 듣고 이제 시작, 사용해 보고 리뷰 올릴게용",긍정,0.7637055516242981
5,NaT,너무 좋아요,긍정,0.9502972364425659
4,NaT,간단하고 좋아요,긍정,0.965457022190094
4,NaT,자동 자막 선택이 중국어는 번체만 선택할 수 있네요. 대만에서만든 어플인가요?,부정,0.2754371464252472
4,NaT,좋은데 무음구간줄이지도 않았는데 초음부터 잘려있고 다시 원상복구도 안되서 아쉬워요,긍정,0.8638162612915039
1,NaT,이거는 모바일로는 만들기 힘든듯 피씨로 해야할듯 모바일은 영상도 없는데 영상을 불러오라하질 않나 귀찮음,부정,0.12613514065742493
1,NaT,자막 타이밍이 안 맞음,부정,0.07312550395727158
2,NaT,갤럭시 유저인데 아이폰 처럼 자막 위치 세세하게 자를수있게 해주세요 돈 내서라도 할테니깐요 진심 아이폰으로 바꿔야나 싶어요 제발요 부탁해요ㅠㅠ,부정,0.27516818046569824
5,NaT,최고,긍정,0.970760703086853
5,NaT,초보인데 열심히 배우겠습니다,긍정,0.9721217751502991
5,NaT,모바일로도 텍스트로 비디오만들기 지원해주세요,긍정,0.7960180044174194
5,NaT,자막 최강자예요 신기하게 노트9에서는 한번도 그런적이 없는데 갤럭시s24로 바꾼뒤 저장할때 자막이 밀리네요 그래서 혹시나하는 마음에 영상을 노트로 옮겨 편집하고 저장해보니 싱크가 또 딱딱 맞아욬ㅋㅋ 기종에 따라 차이가 있는 경우도 있는거 같아요 참고로 10분이상 영상이었어요,긍정,0.7144467830657959
5,NaT,Good,긍정,0.9696378707885742
5,NaT,굳,긍정,0.9685154557228088
4,NaT,완벽하지는 않지만 자막을 자동으로 달아주니 간단한 자막 편집하기는 편합니다. 그래도 역시 다듬는 과정은 필요합니다. 근데 내보내기가 왜 안될까요...,긍정,0.6441476345062256
5,NaT,미쳤다! 찢었다!,긍정,0.7164472937583923
3,NaT,클립마다 색상변경만 가능하면 완벽해요.....,긍정,0.8162679076194763
4,NaT,조으대 ㅋㅎㅋ,긍정,0.7263143062591553
5,NaT,"아이패드에서 잘 사용하다가, 갤럭시탭으로 왔는데 가로 버전 지원이 안되네요?!ㅠ 지원 계획이 없으신건지요?",부정,0.12088106572628021
5,NaT,파일 복사본을 만들 수 있는 복사 기능이 있었으면 좋겠습니다 자투리 시간 쪼개서 일주일동안 잠도 줄여가며 편집한 파일이 갑자기 열리지 않고 강제종료 되버렸습니다 카톡방에도 건의 드리고 여기저기 찾아보니 저만 그런 버그가 있었던 게 아니였던 걸 봐선 예전부터 쉽게 고칠 수 있는 버그가 아닌가봅니다. 그래서 복사본을 민들 수 있는 기능이라도 있다면 파일이 날라가더라도 작업중인 복사본 파일로 다시 작업 할 수 있기 때문에 건의 드립니다 감사합니다.,부정,0.07601571083068848
3,NaT,좋음. 외국어공부 도움됨. Pc랑 로그인 연동됐음 좋겠음.,긍정,0.989690899848938
2,NaT,모바일은 AI지원이 안되서 별루네요,부정,0.02290828712284565
5,NaT,정말좋다,긍정,0.9542296528816223
3,NaT,이걸로하니까 댓글이 사라지네요?...,부정,0.21723368763923645
1,NaT,자막 달려고 했는데 자막 넣을 때마다 소리 싱크 안 맞아서 계속 처음부터 들어야 됨 불편 그 자체,부정,0.005619351752102375
5,NaT,감사합니다 너무 잘 쓰고 있어요. 이제 이거 없으면 자막 만들 생각에 눈앞이 캄캄할 정도예요^^,긍정,0.9881414175033569
5,NaT,먼저 PC에서 사용해보고 모바일 바전이 있어서 한번 깔아서 사용중입니다. PC에서처럼 로그인이 되어 PC와 모바일이 서로 호환이 되었으면 합니다. 편집기들 중에서 파워디렉터 다음갈 것 같네요! 좋습니다!,긍정,0.9927158951759338
3,NaT,컷편집 기능이 자연스럽지 않고 확 끊겼다가 다른 장면으로 넘어가서 불편하고 짜증납니다;; 폰트도 다른 게 없어서 불편하네요.. 자막은 잘 달고 있는데 컷편집 자체가 이상하고 쉽게 할 수 있지만 어설프고 이상하네요;; 이 점 고쳐주시길 바랍니다;;;;;;,부정,0.010610049590468407
1,NaT,"뚜렸하면 잘 나오는데, 뚜렸하지 않으면 안나옴... 잘 안들려서 다운로드 받은건데 다시 삭제해야겠네",부정,0.0096365325152874
5,NaT,처음 가입하려고 합니다,긍정,0.9814037084579468
5,NaT,음성을넣어 촬영하거나 텍스트를넣어도 ai음성 나올수있어 좋아요,긍정,0.9783681631088257
2,NaT,자막번역 안되나요?,긍정,0.6864195466041565
5,NaT,음성 인식이 특출나네요. 제 의도대로 모든 자막이 처리되어 수정할 일이 없네요. 최고입니다.,긍정,0.9919243454933167
4,NaT,"우즈벡어도 할수 있을까요,",긍정,0.5805655717849731
5,NaT,좋아요,긍정,0.7876030206680298
5,NaT,최고입니다. 편집의 수고로움없이 스마트폰에서 바로 해결할 수 있겠네요. 감사합니다.,긍정,0.9924490451812744
5,NaT,오 굉장히 쉬운데요?,긍정,0.9010311365127563
1,NaT,정상적이 영상인데 편집하려 하면 소리가 늘어져요 어떻게 해야 하나요?,부정,0.28586992621421814
4,NaT,모바일 버전이라 사용을 해봤지만 데스크탑 버전 처럼 음성인식 자동자막 생성 후 번역기능이 없어서 너무 아쉽습니다. ios 앱 처럼 자막 파일 내보내기 자막 번역 기능 은 언제 안드로이드 버전에나올까요?,부정,0.1752098947763443
5,NaT,초보도 쉽게 쓸수 있어 너무너무 유용한앱 입니다,긍정,0.9872981309890747
2,NaT,번역이되는건지 잘 모르겠음 한국어로 정확하게 번역해줬으면 합니다,부정,0.2595219016075134
3,NaT,휴대폰도 노트북 같이 사용하게 바꾸어주세요,긍정,0.8348727226257324
2,NaT,원래 메뉴판에 글꼴이나 번역 항목이 없나요?,긍정,0.5342516303062439
3,NaT,"제가 정말 좋아하는 프로그램인데 유료화로 썼을때는 솔직히 ai 오류가 너무 많습니다. 음성이 두개로 생성되거나 , . ? 이런것들이 인식이 안 되거나 글 속도에 따른 글자량 자동 변경이 잘 안 되거나 합니다. 안정적으로 쓸 수 있도록 부탁드립니다. 개인적으로는 모바일도 되게끔 해 주시면 정말 좋을듯 합니다.",긍정,0.5824476480484009
4,NaT,앱을 잘 사용하고 있습니다 아쉬운점은 초벌된 자막을 삭제하고 붙인 후 완성된 영상을 보면 영상과 자막의 싱크가 맞지 않은 경우가 많습니다....ㅠㅠ 이 부분만 개선되면 정말 좋을 것 같은데 어찌 안 될지요,긍정,0.6991063356399536
3,NaT,비디오 음성을 텍스트로 넣어주는 확실한앱 따른 앱은 자막을 낳어주는게 아니고 음성을 추출해줌,긍정,0.8140196204185486
1,NaT,인공지능 자막은 어디에 있습니까?,긍정,0.5332778692245483
5,NaT,보이저엑스 남사장님! 감사합니다!,긍정,0.9812256693840027
5,NaT,하악 안드로이드 나왔네 브루와 보이저엑스는 사랑입니다,긍정,0.5216326117515564
1,NaT,글씨가 깨지고 정확하지 않아요,부정,0.002399199642241001
5,NaT,남세동 화이팅,긍정,0.7597638964653015
5,NaT,개인적으로 정말 잘 사용하고있습니다 이 어플을 통해 귀찮음이 5000퍼센트 줄었고 구독자도 5000명 늘었습니다 진심으로 후원하고싶어요 계좌 알려주세요 당장이요.,긍정,0.9854679703712463
5,NaT,잘 사용하고있어요 감사합니다,긍정,0.9100563526153564
5,NaT,싱크 3분이상부터 안맞아요,부정,0.003338351845741272
5,NaT,너무 좋아요 good!!good!!good!!,긍정,0.9002392888069153
5,NaT,단점과장점을 알려드릴께요 단점은 동영상이 자막때문에 2~3초 길어짐 장점은 자막때문에 말을할 필요가 없다. 이점만 고쳐주면 별5점,긍정,0.5620312690734863
5,NaT,자막 자동 인식. 변환. 편집도 쉽고. 이건 무조건 써보세요. 써보면 바로 이해되요. 그리고 광고는 언제 나오죠? 동영상 하나 자막 만들고 저장하는동안 못봤어요. 너무 깔끔해서 좋아요. 저장하는동안 광고 한두개 나오는건 이해할수있었는데 말이죠. 너무좋아요!! 제발 유료전환 되더라도 제가 결제할 수 있는 수준으로 부탁드려요~ 감사합니다.,긍정,0.9883806705474854
5,NaT,와.. Vrew 이 프로그램이 어플로 나오다니.. 바로 절하며 별 5개주고 시작..,부정,0.47677990794181824
5,NaT,아주 맘에 듭니다. 최고최고,긍정,0.9842761754989624
4,NaT,스타일 기능은 언제쯤 적용되나요? 안드로이드에도 생겨서 좋긴한데 영상도 디자인이 중요한데 자막 스타일 변경이 안되니 아쉽네요~,긍정,0.818479061126709
3,NaT,pc버전은 자동 번역도되는데 앱은아직인가요? 하지만사용하기는 편해요,긍정,0.7655794024467468
5,NaT,너무 좋아요 편집 초보인데 요즘 즐겨사용하고 있어요.,긍정,0.978463351726532
5,NaT,아주 잘 사용하고 있습니다.,긍정,0.9076658487319946
5,NaT,동영상 편집기의 처음보는 놀라운 기능...아주 좋습니다.,긍정,0.985739529132843
5,NaT,최고에요. 드뎌 안드로이드용으로도 나왓네요 너무 감사합니다,긍정,0.9939284324645996
1,NaT,재미없어👋,부정,0.028453202918171883
1,NaT,자막생성 영상속 음성추출 자막생성이 아주 엉망진창 입니다. 단 한줄도 읽을 수가 없네요,부정,0.0045930310152471066
5,NaT,신속,긍정,0.9304215312004089
5,NaT,이게어찌무료야 최고,긍정,0.9265395402908325
2,NaT,자막 넣기 너무 편한데....대부분의 영상의 소리가 안나오거나 음성이 늘어지게 나옵니다.,부정,0.007450135890394449
5,NaT,자막을 생각보다 쉽게 달 수 있어요 하지만 자막의색을 변경 하지 못해서 좀 아쉽네요,긍정,0.9422179460525513
5,NaT,"우와 너무 감격스러운 마음에 구글플레이에 처음으로 후기 써봅니다! 브루 모바일 버전 올려주셔서 너무 감사합니다 ㅠㅠㅠ 한가지 궁금한 점이 있습니다! 저는 갤럭시탭으로 이용하고 있는데요, 화면이 세로로밖에 안나와요 혹시 가로로 전환되는 건 언제쯤 가능할까요? 꼭 부탁드릴게요!",긍정,0.9796566367149353
5,NaT,"편리하고 좋아요. 다만, 폰트나 자막글자디자인이 많았으면 합니다.",긍정,0.944787323474884
5,NaT,혁명...,긍정,0.9084771275520325
1,NaT,😭😭😭😭😭,긍정,0.67535001039505
5,NaT,내가 본 어플 중 최고,긍정,0.9778028726577759
5,NaT,자막넣기가 쉽네요,긍정,0.6832560300827026
2,NaT,와 안녕하세요 전 김준우 인데요 아니 앱이 너무 오래 걸려요 이거 깔지 마세요 그리고 너무 늦게 떠요 10점 만점에 백 점도 안 돼요,부정,0.05417433753609657
5,NaT,쉽고 빠르고 간단하고 결과물도 깔끔한 완벽에 가까운 자막앱 약간의 흠이라면 음성 분석을 맡긴 영상은 음성 인식된 단위로만 자막을 자를 수 있어서 음이 뭉게진 부분은 제대로 편집할 수가 없어요.....,긍정,0.986201822757721
5,NaT,너무너무 좋은데요? 그런데 단점 두가지가 있습니다. 1.음성 녹음이 됀다. 2.녹화 누르고 시간이 가는 동그란게 영상에 나옵니다. 삭제하면 녹화를 어떻게 끝낼지 모르겠더라구요. 이런것들만 고쳐주시면 10도 더 드리겠습니다. 이 앱 아주 강추 합니다.,긍정,0.9587284922599792
5,NaT,노트북으로 깔아서 이용중인데 최근 업뎃 되어서 그런것인지... 이젠 영상 변환 안하면 자막이 안뜨는게 조금 속상합니다 ㅠㅠ;; 이거 어찌 되돌릴수는 없는것일까요........... 너무 잘 쓰고 있었다보니 너무 실망감도 큰 상황입니다 ㅠㅠ...,긍정,0.7344695925712585
5,NaT,내가 경험한 최고의 동영상 편집 프로그램. 음성을 어절로 잘라서 영상편집이 가능한 시스템은 진짜 획기적이고 음성을 자동으로 인식해서 자막을 만들어주는 시스템도 최고임. 쓰다보면 빠질 것임. 언제 유료화될 지 모르겠지만 그때까지 마구마구 쓰고 싶음.,긍정,0.9915024042129517
5,NaT,너무너무너무 편해요 근데 폰트나 자막 위치 조정할 수 있으면 좋겠어요...,긍정,0.9724897146224976
5,NaT,피씨앱이 좋아 써봅니다.,긍정,0.9238052368164062
5,NaT,자막원고파일 합성기능이 추가되었으면 좋겠습니다,긍정,0.8145468831062317
5,NaT,인식률 좋고(음성변조한 파일도 인식너무 잘되네요) 사용법 직관적이고 자막계에선 최고죠 안드로이드 서비스 너무 감사합니다 자막폰트 추가 부탁드려요 ^^,긍정,0.9922784566879272
5,NaT,동영상 자막을 쓰려고 이용하고 있는데요..어제는 동영상 음성이 매우 느리게 나옵니다.그러다보니 늘어진 테이프소리 처럼 들립니다. 정상 음성 속도로 하려면 어찌 해야 하나요?,부정,0.03164513036608696
5,NaT,이것 좋은데 내가 찾던것,긍정,0.9885594248771667
1,NaT,저장이 안되고 튕겨나가요ㅜㅜ,부정,0.007085792254656553
1,NaT,불편,부정,0.03363916650414467
5,NaT,유용하게 사용할 수 있을 거 같아요. 아직은 자막스타일 수정은 안되네요.,긍정,0.9398977160453796
5,NaT,좋아요 안드로이드 버젼이 드디어 나온건가요 베타인가요?IOS처럼 화질설정이나 다양한 기능 넣어주세요,긍정,0.9679274559020996
5,NaT,진짜 개좋음 ㄷㄷ,긍정,0.9813124537467957
5,NaT,다른 영상 편집앱에 비해 조작이 너무 간편하고 쉬워서 아주 잘 이용하고 있습니다!!,긍정,0.9905063509941101
5,NaT,핸드폰에서 브루를 쓸 수 있어서 너무 좋아요 ㅠㅠ 모바일버전 나와서 좋아요🤣🤣,긍정,0.9928273558616638
3,NaT,Will ai voiceovers be ported,긍정,0.8202833533287048
5,NaT,"The search function is powerful, I can find a dinner based on just two ingredients",긍정,0.8682602047920227
4,NaT,"love it. please add more languages, and fix the sound bugs",긍정,0.9769333004951477
3,NaT,"a good app, captions are on point, but when I do the generation on videos, often it generate a slow different voice distorting the video sound, as it's not the same. hope you fix that",긍정,0.9488053321838379
5,NaT,Are there any subtitles,긍정,0.7316592335700989
5,NaT,i hope you can add language translate like chinese to english,긍정,0.6762685179710388
5,NaT,good app but I think it should be aloud to move the caption to middle or top,긍정,0.9438022971153259
1,NaT,It's nice,긍정,0.7462047338485718
5,NaT,Working perfectly with me. Thank you.,긍정,0.9724745154380798
1,NaT,Text on images,긍정,0.6121492385864258
1,NaT,fake app P😡😡,긍정,0.6696254014968872
1,NaT,Ewww 😢 😭 😿,긍정,0.9185209274291992
1,NaT,add turkish,긍정,0.6771551370620728
5,NaT,روعع,긍정,0.6767542362213135
5,NaT,Amazing app,긍정,0.8080079555511475
4,NaT,Please add Tagalog language,긍정,0.819061279296875
2,NaT,The subtitles aren't correct. Plus it skips lots of words from being translated. Apps still needs lots of development. Extra star because it is Ads free.,긍정,0.8526892066001892
5,NaT,Ze eZezzzee zzzzzzzz,부정,0.4661276936531067
1,NaT,Good so far.,긍정,0.9713004231452942
5,NaT,Ngl.. legit it is very good app for exact captions I love it. Thankyou so much,긍정,0.9554662704467773
4,NaT,Why does it take a long time to export videos?,긍정,0.8437506556510925
5,NaT,Good,긍정,0.9696378707885742
1,NaT,It's a freaking scam.,긍정,0.8941684365272522
5,NaT,"Hello, the best program I have used so far. Thank you. I hope you update it over time and also keep it special and free. Thank you.",긍정,0.9875630140304565
5,NaT,OK number two will be over,긍정,0.8316864967346191
3,NaT,"Jan 1, 2024 It upload audio for Analyzing a transcript from the audio. Which is slow and app crashed when I tried to export the final video.",긍정,0.7753050327301025
5,NaT,This is a great app. Does the job pretty well. You can even edit captions 👍,긍정,0.959347128868103
4,NaT,I need more options for the word writing as the words move but so far it's great,긍정,0.9914734363555908
1,NaT,Hindi not support,부정,0.3461061716079712
5,NaT,Great apps...but please will you make a video how to use it because it's very hard to understand it,긍정,0.9408700466156006
5,NaT,One of the best!!!,긍정,0.9909093976020813
5,NaT,Great app 😀 can you add arabic language please and thank you for your work.,긍정,0.8492304086685181
5,NaT,best app litterly best,긍정,0.9661227464675903
1,NaT,Very poor app don't waste time,긍정,0.5567438006401062
5,NaT,Awesome.... Just plz add some design to caption's,긍정,0.7959468364715576
1,NaT,the app doesn't work i wrote my subs and when i press export it shuts down everytime and it's sad cuz the app have a really the best way of timing the videos out of all apps i used,긍정,0.8218385577201843
5,NaT,Awesome app to add auto captions to your videos. 10/10 👍,긍정,0.9844121336936951
5,NaT,Really very simple and logical text editer.i am very happy finally found this app . thanks to the creator of this app,긍정,0.976118803024292
1,NaT,"1.Why Crashing When Export Video. 2.Please Add Hindi, Urdu, Turkish & Other Language for Transcript.",긍정,0.9014056324958801
4,NaT,Please add the option to import a subtitle file as a base. and also being able to export it as a srt file alone feels kinda neccessary. good work on the app!,긍정,0.9552524089813232
5,NaT,It's really great app without any junks and ads. Easy to edit your own subtitles. Awesome 👍,긍정,0.9802253842353821
5,NaT,Best app for captions,긍정,0.9532122611999512
5,NaT,Just awesome ..just took me 5 mins to put captions to my reel,긍정,0.8455153703689575
5,NaT,Very nice app easy to make video editing,긍정,0.9246011972427368
5,NaT,"i suggest adding the ability to edit select parts of text to be in the style you want , as currently changing the style changes all of the text instead of just one select part. other than that works well!",긍정,0.8583197593688965
4,NaT,"It's great and smooth. Works really well. The only problem, though, is after translating a video, there is no option of exporting it as a srt file, to continue working on the video on a pc for to further edit it. Really important feature and very simple, yet the app still lacks it. Hope you guys are working on adding it.",긍정,0.9875134825706482
5,NaT,It does what it says and in time.its a 5 star app please keep it up.,긍정,0.8706138134002686
1,NaT,Great product. Can you add more features to it just like on iphone and pc?,긍정,0.9524025917053223
5,NaT,Next level video editing experience I have gained. Just amazing . Keep it up. You guys are building future applications. ⭐⭐⭐⭐⭐,긍정,0.8308757543563843
3,NaT,Not bad but wasn't what I was expecting.,긍정,0.893290102481842
2,NaT,"I really like this app but only one problem its only support 5 language English, Chinese, Spanish, Japanese and Korean there's not other options",긍정,0.9474543333053589
1,NaT,タブレットからじゃ何もできないのか?,부정,0.33604568243026733
2,NaT,一度編集しかけたプロジェクトを開こうとすると、アプリが終了してしまう。コンセプトは良いが、PC版でないと使用困難。,긍정,0.6685888767242432
1,NaT,パソコンで使用できない,긍정,0.7217286229133606
4,NaT,★アンドロイド版を便利に使っていたが、動画の再生が超スローになるトラブル発生。キャッシュ払う、インストし直す、デバイス再起動を試すが元に戻らず。代替アプリも見当たらず、痛い。 ★★★★ 星一つ評価付けたら、サポートからメール。動画ファイルの情報量が課題であることを示唆する内容。動画の長さを詰めたり、画面をトリミングしたり、画質を調整したりで対応すると、うまく動くように。音と文字がズレる現象にも悩まされたが、それもついでに解消された。無料アプリだから、使い方を工夫しながら付き合う必要があるのは、仕方がない。それでも、無料でここまでできるのは、スゴいこと。某PDで手動でしていた作業が、嘘みたいに楽になる。ジェットカットしてアップしたショート動画は、明らかに視聴者の反応がよくなっている。おススメです。今後も使い続けますのでバージョンアップよろしくお願いします。,긍정,0.6807488203048706
1,NaT,そもそもＰＣでやる動画編集だから、携帯やタブレットでは出来ないようになっているのか？ 外出先でも出来るようにして貰いたい。 いきなり「新しいプロジェクト選択」となっても、新たな動画を作れないのは残念,긍정,0.7904044389724731
1,NaT,アップルストアの人のと中身があまりにも違い過ぎる！ バージョンが古い古い 使い物にならない！ 速くアプデしてほしい。,긍정,0.7801133990287781
1,NaT,テキストからムービー作成、Android版でも使えるようにしてほしい,긍정,0.5579880475997925
1,NaT,最近のバージョンからなのか、文字のスタイルを変更しようとするとホーム画面に戻ったり落ちたりしてしまいます。,부정,0.4235745668411255
3,NaT,写真を繋いで動画にはできない。使えない。,긍정,0.6517312526702881
2,NaT,音声の取得が不安定で進捗率が進みません。 改善を求めます,부정,0.1953345537185669
5,NaT,よくわからない,긍정,0.6767542362213135
1,NaT,新しいプロジェクト→動画がありません、から進めないのですが新規から作ることが出来ないのでしょうか？,긍정,0.5326991677284241
4,NaT,機能自体はいいですがIOSにあったフォントを変えられる機能と原稿を読み込む機能が欲しいです！ 開発頑張ってください🙏,부정,0.498727023601532
2,NaT,私はパソコン版Vrewも使わせて頂いていますが、文字起こしの精度から、無音部分の自動カット、フォントに至るまで、まだまだパソコン版に及ばないと感じる部分があります。Androidアプリ版の場合、動画が長くなると映像と音声のタイミングが極端にズレるため相当使いづらいです。稀にですが、無音部分の自動カット機能にて、音声の乗る部分の一部が無音判定されてしまい、音声の単語をはみ出して切り取られてしまう事があります。同じようにパソコン版で自動カットさせると、そのような事態にはなりません。ただ、毎月どれだけ使っても利用制限が掛からないのがアプリ版のメリットなので、今後のアップデートに期待を込めて、星2つといたしました。,부정,0.49222663044929504
1,NaT,意味が全く違う言葉に変換されたり、全体の音が割れます。残念です。,긍정,0.5328052639961243
4,NaT,アンドロイド版を使用させていただいております。 いつのアップデートだったかは忘れてしまったのですが、カット編集をしてから写真フォルダにアップロードすると、動画が後半になるにつれ音ズレが出てしまうようになりました。 カット編集や字幕編集自体はとても使いやすいものですが、音がずれてしまうと動画サイトに載せることは難しくなってしまいます。 とても良いアプリな故、そこだけがとても残念です。 アプリ開発・運営 ともに大変だと思いますが、ご対応いただけると助かります。 ご検討どうぞ、よろしくお願いいたします。 m(_ _)m,긍정,0.6910458207130432
5,NaT,凄い便利で助かります,긍정,0.6668354868888855
2,NaT,PC版のように文字から動画を生成できるようにしてほしいです。,긍정,0.7739365696907043
1,NaT,言われているど今使えない。なう(2023/09/20 09:52:10)Androidだから？,긍정,0.6797836422920227
5,NaT,使いやすいし最高です,긍정,0.9456431865692139
1,NaT,最低限の使い方の説明ぐらいチュートリアルとしてアプリ内に書いておいて欲しいね。 改行や字幕タイミングのずらし方など他のサイトで調べる必要がある時点で評価に値しない。,부정,0.34822723269462585
1,NaT,ダウンロードして、初めの画面から、一切何もできない。 新しいプロジェクトを押せる画面の動画をひたすら見せられるだけ,부정,0.4542922079563141
4,NaT,大変ありがたい,긍정,0.6948537230491638
5,NaT,助かる,긍정,0.6716517806053162
1,NaT,いきなり、何もできない！ 新しいプロジェクトをタッチしても何もできない！,긍정,0.6428559422492981
3,NaT,狎～,긍정,0.819337010383606
3,NaT,聞き取りの性能をガチであげてほしい siriとかグーグル翻訳レベルであげてください！！ I want you to seriously improve your listening performance Please give it in siri or google translation level! !,긍정,0.8823954463005066
5,NaT,いつも便利に利用させていただいています。 アップルのマックブック、フォントはふい文字、文字色は白、サイズ65、影または輪郭は黒の設定で入力しています。 他の設定では試していないのですが、いつも「き」の色だけがグレーの様な違う色になります。 まぁ読めるのでいいかと思ってましたが 先日は「段」という文字も同様のエラーになりました。改善していただけましたら幸いです。 追記:どうも太字にすると出現するエラーの様です。,긍정,0.7144855856895447
1,NaT,ゴミ全然翻訳になってない,긍정,0.8692446351051331
4,NaT,ロシア語も追加してほしい,긍정,0.7050909399986267
1,NaT,アンドロイドでは文字が変更出来ない,긍정,0.5073125958442688
3,NaT,フォントの変更が出来るようになって使いやすくなった。 MP4だけでなく、違う形式でもダウンロード出来るようになると嬉しい。カットごとでないと色を変更できないので、一部だけ目立たせたいときに不便なので、パソコン版、アプリ版両方とも改善して欲しい。,긍정,0.6199899911880493
1,NaT,性能悪すぎ。ゴミ,긍정,0.7344263792037964
1,NaT,音声アップロードができないのでゴミ,긍정,0.6837402582168579
2,NaT,App Store版に比べると簡素だし使いづらいと思います。 同じ位のものにするのは難しいのでしょうか？,긍정,0.8117297887802124
1,NaT,落ちてしまい、残念でした。,긍정,0.6776820421218872
3,NaT,Androidはフォントの編集など出来ないのでしょうか?,긍정,0.7226032018661499
3,NaT,iOS版も同時進行で使ってますが、Android版はフォント変えられないんでしょうか？？,긍정,0.7567060589790344
1,NaT,Androidだと文字のフォント変えるとこがない,긍정,0.5304774641990662
